,0,3,6,9,12,15,18,21
0,"-2,9","-2,7","-2,6","-2,2","-0,7","-1,8","-4,4","-5,5"
1,"-4,6","-5,7","-2,6","-2,7","-3,5","-2,9","-2,9",-3
2,"-0,9","-1,8","-2,2","-1,7","-0,6","0,2","-2,2","-3,4"
3,"0,8",1,"0,9","0,4","0,7","-0,1","-0,6","-0,8"
4,"2,7","1,8","1,9","2,1","3,1","2,6",2,"1,4"
5,"3,2","2,1","2,9","4,2","5,7","5,1",4,"2,6"
6,"0,6","0,4","-0,5","-1,1","1,1","0,5","2,3","2,9"
7,"-7,1","-6,9","-5,4","-2,7","0,6","1,6","0,5","0,8"
8,"-0,3","-0,8","-1,8","-2,7","-1,7","-1,4","-5,3","-5,9"
9,"5,6","5,4","5,2","4,2","4,2","3,3","2,2","1,1"
10,"7,2","6,6","5,6","6,5","8,1","6,9","7,4","6,8"
11,"6,6","6,4","6,6","6,8","8,9","9,6",6,"5,5"
12,"8,7","8,1","8,5",9,"9,6","10,1","8,4","6,5"
13,"5,4","5,3","5,6","6,3","8,3","9,9","9,6","9,2"
14,"5,3","5,9","5,2","5,8","6,5","6,7","6,3","5,8"
15,"6,4","6,6","6,2",6,"6,5","7,8","7,7","6,6"
16,"1,6","-3,8","6,2","2,1",12,12,"8,8","8,1"
17,"3,1","2,4","0,8","2,3","10,1","11,9","7,4","2,9"
18,4,"6,3","5,8","4,1","8,9","12,8","7,8","4,8"
19,"3,5",4,"5,1",6,"7,3","10,7",8,"7,1"
20,"8,4","7,5",6,"6,3","7,2","6,8","6,1","5,2"
21,"6,7","6,1","4,8","5,4","9,3","7,2",7,8
22,"2,4","0,1","0,1","1,7","7,8","9,5","7,2",6
23,"-4,1","-4,8","-5,3","-0,9","5,8","7,9","3,9","2,8"
24,"0,7","0,7","0,1",0,"1,5","2,8","-0,5","-2,5"
25,"3,8","2,7","1,4","3,3","6,4","6,6","4,1","3,1"
26,"10,4","7,3","4,6","7,1","11,4","12,3","9,3","8,2"
27,"12,2","10,1","9,4","9,9","12,1","14,2","12,7","11,3"
28,"3,4","3,3","3,5","6,7","9,3","12,2","13,4","13,2"
29,"1,2","2,2","1,1","2,5","4,3","4,2","1,8","0,8"
30,"4,6",4,"2,1","3,5","6,6","5,9","3,2","2,7"
31,"2,9","0,8","0,2","3,9","9,7","10,7","7,2","5,8"
32,"8,1","7,3","6,6",8,"12,9","13,2","8,1",5
33,1,"0,5","0,3","4,5","11,5","11,6","9,9","8,3"
34,7,"6,6","5,3","5,2","10,4",11,7,"5,2"
35,"12,1","9,9","8,8","8,3","6,3","6,4","8,6","9,6"
36,"11,5","12,1","11,1","9,1","15,1","17,4","16,5","13,9"
37,"0,6","-0,9","-1,3","3,4","13,9","14,9","12,6","11,9"
38,"-1,2","-2,8","-4,5","2,7","12,6","13,7","9,2","4,6"
39,-1,"-3,3","-3,8","2,8","12,4","14,7","9,2","2,5"
40,"-1,6",-3,"-4,5","2,9","11,9","13,4","8,8","1,5"
41,"0,9","-2,5","-4,3","3,6","11,2","12,4","7,6","1,3"
42,2,"1,9","1,3","3,7",12,13,9,"2,2"
43,6,"4,7",-1,"4,6","9,1","10,2","7,7","0,7"
44,"6,5","7,1","6,8","7,2","9,6","10,5","8,3","8,3"
45,0,"2,4","3,2","5,6","8,2","9,8","7,3",5
46,"1,1","-0,6","-1,6","0,6","10,8","11,9","7,1","3,3"
47,"2,5","2,7",2,"4,9","9,8","10,5","7,8","3,4"
48,"-0,9","-0,4","-1,4","3,6","7,7","9,4","6,3","3,5"
49,"0,5","-1,3","-0,9","3,6","6,7","7,6","4,9","1,1"
50,1,"-0,9","-1,5","2,2","10,4","11,6","9,3","2,3"
51,"8,7","8,1","7,2","6,6","7,1","7,6",7,"3,5"
52,"9,7","9,9","9,9","10,2","10,5",12,10,"9,3"
53,"10,5","9,9","9,3","9,8","11,2","10,3","10,2","9,8"
54,9,"8,5","6,1","10,7","14,6","14,1","12,6","11,4"
55,"8,2","7,8","6,8","8,4","12,1",13,"11,3","9,8"
56,"9,4","9,1","7,8","9,2","11,1","10,4","9,7","8,8"
57,"8,8","7,6","8,2","9,6","11,5","11,5","11,1","9,7"
58,"7,7","7,8","8,5","8,9","9,4","9,8","9,8","9,6"
59,"7,7","7,1","6,7","6,6","6,9","7,5","7,8","7,6"
60,"8,1","6,7","5,5","5,9","8,1","8,3","8,1","7,5"
61,"6,9","0,1","1,4","7,8","11,2","12,1","10,5","8,1"
62,"1,8","2,1","0,5","8,6","11,7","12,4","10,1","7,2"
63,"2,7","7,2","5,7","8,1","13,2","13,4","12,6","5,7"
64,"10,6",13,"5,5","10,5","13,8","15,4","11,6","5,1"
65,"17,5","13,6","11,7","15,1","21,5","20,9","19,7","15,6"
66,14,"12,6","12,6","17,8","25,8","25,2","24,1","17,4"
67,"11,1","13,4","13,3","16,7","22,3","24,6","22,3","15,6"
68,"15,9","16,2","12,6","16,7","20,7","22,2","21,2","13,1"
69,"15,2","10,7",16,"18,1","21,7","21,8","21,1","18,1"
70,"11,4","10,9","13,5","15,2","18,3","20,6","21,8","18,3"
71,11,"3,1","9,6","12,5","16,5","18,7","16,7","11,8"
72,"4,9","0,7","1,6","10,7","13,5","14,8","15,4","12,4"
73,"2,6",4,0,"9,8","13,2","12,8",12,"5,1"
74,"6,4","11,8","2,6",9,"13,5","14,5","11,6","4,8"
75,"12,3","10,6","9,6","9,3","10,8","11,5","11,9","7,7"
76,"11,5","14,5","9,6","11,3","14,5","16,2","15,1","12,5"
77,"16,3","16,4","13,7","17,6","13,7","15,8","13,7","12,6"
78,"19,6","12,7","14,7","18,9","25,4","23,2","23,7","18,8"
79,"16,5","14,7","11,4","19,7","27,3","29,5","26,4","16,4"
80,"17,5","12,6","13,7",22,"27,4","29,3","26,7","20,1"
81,"16,6","16,4","12,5","19,9","26,4","28,2","26,4","20,2"
82,"17,8","15,4","15,8","18,8","22,8","26,8","25,3",18
83,"17,1","17,7","14,1",19,"23,8","25,1","23,8","20,1"
84,"19,3","8,5","15,9",16,"18,7","20,2","22,2","18,3"
85,"10,7","9,9","9,9","19,5","23,6","25,5","23,4","19,5"
86,"11,2","14,3","8,9","17,4","23,1","22,6",22,"15,1"
87,"16,6","16,9","11,2","17,8","21,4",23,"22,6","16,2"
88,18,"18,5",16,19,"20,5","23,9","23,6","18,5"
89,"21,7","21,1",18,"20,9","27,3",28,"26,3","22,6"
90,"23,4","20,1","18,9",25,"33,3","31,7","24,6","24,6"
91,"21,8","17,5","20,1","26,3","33,4","34,9","32,7","25,3"
92,"19,5","17,3","18,2","26,1","31,2","32,5","31,1","24,2"
93,"18,6","16,8","17,1","24,4","26,4","27,9","28,6","21,9"
94,"17,7","12,5","16,2","22,3","27,2","27,8","25,7","20,4"
95,"13,6","15,7","11,7","19,2","24,6","26,2","26,3","20,5"
96,"16,4",19,"15,3","17,4","19,3","22,5","22,4","17,4"
97,"21,4","26,8","18,2","19,3","22,5","23,9","22,8","19,3"
98,28,"23,6","25,4","27,5","32,2","33,8","31,2","21,1"
99,"23,6","22,5","21,1",24,"29,7","30,4","28,6","28,2"
100,"22,1","21,8","21,6","22,3","29,6","28,9","27,3","22,5"
101,"24,9","20,8","23,1","23,3","24,3","22,1","24,5","24,5"
102,"21,2","20,5","19,8",26,"31,6","31,5","28,8","25,6"
103,"21,9","19,5","20,4",25,"28,5","31,4","30,2","24,2"
104,"19,3","12,3","19,7",24,"29,6","29,2","28,7","24,6"
105,"15,4","16,8","13,3","22,4","24,5","26,7","26,7","20,8"
106,"16,6","21,4","16,6","21,6","23,8","25,8","23,5","18,4"
107,"23,8","19,5","21,7","26,7","23,5","25,6","20,8","19,3"
108,"20,3","16,9","19,7","27,8",32,"34,1","32,8","27,1"
109,"18,6","17,9","16,8","25,7","29,8","31,6","31,1","22,6"
110,"19,3","17,9",18,"24,4","27,5",29,"28,8","22,4"
111,"19,6","18,2","17,6","26,2","29,6","23,8","23,4","21,9"
112,"18,3","15,6","18,1","23,9","27,3","29,9","26,3","22,7"
113,17,"15,7","15,6","24,8","28,8","29,4","21,2","18,7"
114,"18,1","13,6","16,1",24,"28,6","28,2","26,5","21,4"
115,"13,5",11,"12,9","21,9",26,"26,1","26,8","21,2"
116,"12,6","12,3","11,9","19,4","23,3",24,"23,7","18,9"
117,"16,8","12,4","14,6","18,3","23,2","23,5","22,5",18
118,"13,5","16,1","12,9","19,2","22,6","23,9","23,8","19,2"
119,"17,4","18,1","13,2","19,9",23,24,"24,1","18,4"
120,"19,8","18,9","18,4","25,2","28,6","28,3","18,4","17,7"
121,"20,3","19,2","20,6","24,9","29,3","30,6","30,2","24,7"
122,22,"18,1","19,7",30,"33,4","33,8","33,3",26
123,"20,5","16,8","20,1","30,4","29,5","34,1","33,1","26,1"
124,"18,7","19,2","18,6",28,"31,8","32,5",32,"25,1"
125,"22,6","17,9","21,4","23,8","27,8","30,1","29,8","23,3"
126,21,16,"19,3",28,"30,7","32,3","31,7","25,5"
127,18,"12,4","17,5","27,4","31,8","32,7","31,7","25,4"
128,"16,9","15,8","14,8",25,"28,8","30,4","29,6",23
129,19,"18,8","17,8","25,8","27,7","29,2",28,"23,6"
130,"21,3","14,8","20,6","27,2","28,5","31,2","30,4",24
131,"17,8","15,4",19,26,"30,6","31,7","30,8","25,7"
132,"19,1",13,"18,5","25,9","29,5","30,3",29,"23,7"
133,17,"11,5","14,6","23,9","28,1","28,9","28,6","23,5"
134,"14,8","14,1",14,"23,1","25,9","27,3","26,8","21,3"
135,"16,8","15,4",16,"21,7","24,2","26,2","25,6","21,3"
136,"18,4","16,9","17,1","18,7","20,3","22,7","22,1","19,9"
137,18,"15,7","18,9","21,4","25,3","24,4","24,4",22
138,"17,5","17,3","16,9","22,4","26,8","22,4","23,9","18,7"
139,"17,9","15,7","17,5","20,7","24,4","26,1","26,4","21,1"
140,"12,7","16,3","16,8","19,3","19,5","20,7","21,7","19,1"
141,"19,2","18,6","18,1","23,1","21,5","23,9","21,2","18,1"
142,"20,2","23,7","20,6","23,6","25,7","26,7","26,8","21,3"
143,26,"17,4","22,6","21,5","23,7","26,7",22,"22,4"
144,20,19,"21,4","28,5","32,7","34,2","32,6",28
145,"21,9","18,9","21,3","25,6","33,4","25,2","30,2","26,3"
146,"20,8","19,2","21,8","29,4","33,3","34,2","33,2","27,8"
147,"21,8","18,3","21,3",29,32,"33,4","32,4","26,6"
148,"19,7","15,6","20,3","28,1","33,3","33,9","32,8",27
149,"17,7","14,3","18,2","28,8","32,1","33,1","31,9","24,8"
150,"18,3","12,4","17,8","27,1","30,1","31,5","29,4","22,3"
151,14,"12,6","16,7","24,9",28,"29,5","29,7","23,3"
152,"14,4","11,9","15,1",23,"25,4",27,"26,5","21,3"
153,"15,9",16,15,"21,5","23,8","24,5","23,8","20,3"
154,"17,6","14,9","16,7","21,9","24,3","25,2","24,8","19,5"
155,"15,9","15,1","17,4","23,5","26,4",18,"20,8","19,2"
156,"16,6","13,5","16,1","23,4","26,6","18,6","17,4","17,3"
157,"15,7","13,8","16,9","25,9","23,1","28,3","25,2","21,3"
158,"14,8","14,5","15,5","17,6","21,4","23,6",23,"20,1"
159,"14,4","13,7","14,7","18,4","22,6","23,9","20,6",17
160,"14,3","12,6","13,4","19,5",21,"19,8","22,3","16,5"
161,"12,6","13,1","13,8","18,9","15,5","21,3","17,9","16,2"
162,"15,5","10,4","13,5","18,5","22,1","23,6",18,"15,5"
163,"13,1","10,8",12,"20,8","21,9",23,"23,6","19,4"
164,"10,9","13,8","13,4","20,3","21,4",22,"19,8","16,6"
165,"14,4","13,7","14,3","16,2","17,7","17,4","18,5","14,9"
166,"13,2","11,2","14,1","15,8","14,3","16,5","15,9","14,2"
167,"12,4","11,9","11,8","17,1","20,5","20,9","14,8","15,1"
168,"14,1","10,6","11,3","17,5","19,6",20,"19,7","17,3"
169,"11,3","7,5","11,8","17,9","20,2","21,1","19,1","16,3"
170,"8,2","7,9","7,6","9,2","12,3","14,8","14,6","12,1"
171,"9,2","15,5","7,8","8,2","8,9","10,1","9,4","8,5"
172,"16,3","11,3","16,1","16,9","17,6","16,6",13,"11,4"
173,"13,4","12,5","13,2","23,8","27,9","28,4","27,1","21,9"
174,"16,2","10,5","13,8","23,6","26,8",28,"27,6","20,3"
175,"14,9","7,9","13,6",22,"25,4","25,2","23,8","20,4"
176,"10,7","8,5","10,1","20,6","23,9",25,"25,4",18
177,"10,4","11,5","11,5","19,8","22,7","23,8","22,8","15,2"
178,11,"10,3","11,1","18,2","20,1","20,4",21,"17,6"
179,"13,2","11,7","10,4","19,1","21,9","19,5","18,1",16
180,"13,7","12,3","12,2","17,2",20,22,"21,3","16,5"
181,"12,8","13,2","12,6","16,4","14,9","19,3","20,6","16,3"
182,"14,7","17,6","12,6","15,5","17,1","15,5","16,2","15,3"
183,"23,9","18,9","16,4","19,1","24,1","26,4","25,3","17,7"
184,"23,5","13,1","18,3","26,4","30,7","32,8","31,3","26,6"
185,"15,8","12,5","16,7","25,1","29,9","31,8","30,3",24
186,"15,6","19,5","13,4","24,6","26,1","28,2","26,8","22,9"
187,"21,7","12,8","18,7","21,9",25,"23,7","25,7","20,7"
188,"15,2","5,7","14,8","22,6","26,1","27,9","26,2","23,1"
189,"5,6","4,5","7,3","10,4","17,4","20,4","20,9","15,7"
190,"5,7","9,8","4,6","8,3","9,8","10,7","11,3","9,1"
191,"9,8","6,2","11,4","13,5","12,4","15,5",15,"10,6"
192,"6,1","12,9","6,2","6,7","7,8","8,8","9,6","10,7"
193,"14,6","3,7","11,6","11,2","10,7","9,9","8,3","6,5"
194,"6,4","12,1","4,8","14,4","15,7",19,"16,2","15,6"
195,"12,4","6,9","10,6","10,7","8,4","11,1","14,2","9,6"
196,8,6,"8,2","15,5","19,9","21,3",20,"14,8"
197,"5,3","11,4","5,8","11,3","13,3","15,4",16,"11,8"
198,"14,5","14,4","8,7","9,5","9,9","10,2","9,6","7,3"
199,16,"3,3","15,8",15,"22,7","24,4","17,2","15,2"
200,"6,1","10,9","2,3","13,1","17,5","20,5",20,"17,5"
201,"11,8",4,11,"11,8","11,3","17,1",17,"9,9"
202,"5,1","2,7","6,4","13,2","17,9","18,5","18,8",15
203,"4,7","1,2","2,9",9,"12,5","12,3",13,"8,1"
204,2,"6,9","0,7","6,9","10,6","11,4","11,3","5,8"
205,"9,7",3,5,"3,8","6,3","10,1","7,4",3
206,"4,7","1,5","3,1","7,8","10,3",12,"11,8","8,7"
207,"2,3","7,2","1,5","4,3",8,"7,8","8,2","4,8"
208,"9,3","8,8","7,4","9,5","10,4","6,7","5,7","3,7"
209,"8,2","6,8","7,1","13,3","16,4","13,5","16,1",12
210,"6,2","9,1","6,1","7,5","11,3","14,1",15,"10,4"
211,"7,4","7,4","10,1","10,5",10,"7,8","6,5","6,5"
212,"7,8",5,"5,7","3,7","3,6","3,6","3,4","4,6"
213,"7,2","3,3",5,"7,3","7,2","10,7","9,5","9,4"
214,6,"7,4","2,6","4,8","10,9","12,2","10,6","8,4"
215,"10,8","9,3","7,9","13,4",16,"14,2","9,5","8,3"
216,"12,6","9,8","6,3","15,5","20,8","20,6","16,1","11,7"
217,"13,2","11,7","3,6","16,1","23,6","24,6","22,6","16,4"
218,"15,1","10,8","9,4","15,6","22,8","23,8","20,2",16
219,"13,2","7,4","9,1","16,2","22,8",24,"22,5","17,4"
220,"8,4","-1,2","6,8","10,8","17,8","22,2","21,7","16,9"
221,"2,1",-1,"-2,8","8,1","12,5","15,3","13,3","10,9"
222,"1,1","-0,5","-2,4","6,3","10,3","12,9","11,1","6,2"
223,"1,4","6,7",-2,"4,9","8,2","9,7","8,6","4,5"
224,"8,3","3,3","6,8","6,4","4,8","7,5","6,4","3,4"
225,"3,3",0,"3,8",7,12,"10,6","8,4","8,5"
226,"1,7","0,8","0,1","6,5","9,7","9,8","9,1",6
227,2,"-3,4","-0,5","0,8","5,2","8,2","8,1","3,3"
228,"-2,6",3,"-3,3","3,6","7,7","5,9","7,5","3,9"
229,"6,8","6,9",1,"0,4","2,2","3,4","4,8","0,1"
230,"8,3","5,3","5,7","7,5","13,3","14,6","12,8","11,1"
231,"5,9","0,4","4,8","6,3","7,7","10,1","9,9","8,9"
232,"1,5","-3,7",0,"2,1","4,5","6,9","6,8","6,1"
233,"-1,5","-3,2","-4,9",2,"7,1","6,9","4,7","0,8"
234,"-0,9","-1,1","-3,5","0,1",5,"4,3","3,7","0,3"
235,"1,3","-1,3","-2,6","2,3",7,"7,8","5,3","1,2"
236,"-1,9","-4,7","-2,4","2,3","6,5","5,7","4,9","2,8"
237,"-3,3","-4,7","-5,4","0,5","6,3","6,9","4,8","1,7"
238,"-2,9","-1,7","-5,5",0,5,"6,8","5,1","-1,3"
239,"-0,5","0,2","-0,5","1,3","3,3",4,3,"-0,9"
240,"0,7","-1,3","-0,6","0,9","3,5","3,7",2,"0,4"
241,"-1,4","-6,7","-2,6","-1,2","1,6","2,2","1,8","1,1"
242,"-4,3","-0,9","-7,9","-2,9","0,2","0,9","0,2","-1,8"
243,"-0,4","-4,5","-1,5","-0,7","0,7","1,2","-0,8","-2,9"
244,"-3,8","-4,3","-4,5","-2,6","0,2","0,7","0,4",0
245,-4,"-0,6","-4,6","-3,7","-2,4","-0,7","-1,4","-2,7"
246,"-0,2","-0,6","-1,8","-2,5",-2,-2,"-2,8","-3,7"
247,"-0,1","0,9","-0,7","-0,6","1,4","2,2","1,1","-0,5"
248,"1,4","-4,3","-0,8",0,"1,1","0,8","0,6","0,8"
249,"-4,8","-10,4","-3,7","-2,5","-0,6","0,7","1,2","1,4"
250,"-10,2","-22,1","-10,3",-9,"-5,8","-4,3","-5,2","-5,8"
251,"-19,9","-23,2","-23,1","-16,1","-8,3","-5,9","-8,3","-9,2"
252,"-19,2","-15,9","-24,1",-19,"-12,8","-10,9",-12,"-16,1"
253,"-13,2","-13,4",-17,"-16,8","-14,7",-14,"-14,9","-17,7"
254,"-10,8","-1,6","-13,8","-10,1","-7,6","-7,8","-9,6","-12,4"
255,-2,"-10,5","-3,3",-3,"-1,4","-1,8","-4,2","-7,7"
256,"-11,3","-5,9","-10,6","-7,4",-4,-2,"-2,1","-1,3"
257,"-6,9","-0,8","-6,4","-6,4","-0,8","-3,7","-5,4","-10,2"
258,"-0,4","-0,9","-0,4","-1,3","-0,3","0,1","-2,2","-5,3"
259,"-0,5","-0,4","-1,3","-0,2","1,5","2,4","2,1","1,1"
260,"-0,4","-1,1","-0,9","-1,3","-0,9","-0,6","-2,2","-2,2"
261,"-3,3","-4,8","-0,2","-0,5","1,1","0,9","0,9","0,5"
262,"-3,8","-8,1","-5,2","-5,2","-3,5","-1,6","-2,3","-3,5"
263,"-7,2","2,4","-7,4","-6,3","-5,4","-4,3","-5,3","-3,2"
264,"2,7","1,4","2,3","2,2","3,1","0,1","-3,2","-5,6"
265,"1,3","-14,9","1,5","1,9","2,7","3,6","4,4","3,6"
266,"-17,1","-26,6","-13,3","-11,9","-9,3","-4,4","-1,2","0,6"
267,"-26,2","-23,8","-25,8","-24,1","-17,8","-17,3","-17,4","-17,8"
268,-21,"-6,9","-26,1","-25,7","-22,9","-21,2","-23,6","-24,4"
269,"-7,2","-12,7","-7,9","-9,9","-11,1","-10,1","-12,4","-16,8"
270,"-11,7","-14,2","-16,2","-13,3",-7,"-7,1","-7,2","-7,3"
271,"-14,1","-22,2","-15,1","-16,4","-11,6",-10,"-9,7","-9,8"
272,"-20,5","-15,7","-22,6","-20,3","-16,3","-14,6","-15,4","-14,9"
273,"-12,7","-20,4","-15,8","-15,6",-12,"-10,7","-15,2","-18,2"
274,"-20,1","-25,2","-20,1","-18,2","-12,6","-11,5","-12,4","-12,4"
275,"-23,5","-18,1","-27,2",-25,"-18,1","-13,6","-16,6","-18,8"
276,"-17,4","-14,1","-17,9","-17,2","-15,4","-14,2",-17,-21
277,"-13,2","2,1","-14,7","-15,7","-14,8","-14,7","-15,9","-16,4"
278,"1,9","-9,6","-3,5","-8,1",-9,"-10,1","-13,4",-16
279,"-10,8","-10,8","-7,7",-2,"1,8",3,"2,5",2
280,"-11,1",-13,"-10,7","-10,7","-9,7","-8,9","-9,3","-10,3"
281,"-13,8","-23,3","-12,9","-12,6","-9,7","-9,4","-10,8","-11,2"
282,-22,"-16,2",-24,-18,"-14,6","-15,3",-15,"-14,4"
283,"-16,1","-17,9","-16,8","-16,9","-16,4",-16,"-18,3","-18,5"
284,"-16,9","-11,2","-19,3","-19,3","-16,8","-14,5","-14,3","-15,7"
285,"-11,4",3,"-12,1","-13,6","-12,5","-11,6","-14,3","-15,6"
286,"2,3","0,4","2,4","0,8","-3,8","-6,6","-8,8","-11,2"
287,"0,1","-5,2","0,9",1,"1,5","1,6","1,6","1,9"
288,"-5,7","-3,8","-4,7","-4,3","-2,2","-1,2","-0,9","-0,5"
289,"-3,5","-3,3","-4,1","-5,7","-2,7","-2,3","-4,1","-5,3"
290,"-2,7",1,"-5,2","-5,8","-3,2","-2,5","-3,8","-3,8"
291,"-2,2","-0,8","2,3","2,6","0,5","0,7","0,1","-2,1"
292,"-1,2","-3,8","-1,3","-2,6",-2,"-2,4","-4,3","-4,5"
293,"-4,3","0,6","-2,9","-1,1","0,6","0,6","0,3","-0,9"
294,1,"1,1","0,4","-0,3","-1,1","-1,9","-2,8","-3,9"
295,"0,8","0,3","1,2","1,4","1,4","1,3","1,5","1,3"
296,"0,4","1,4","0,8","1,5","1,8","1,3","1,8","1,3"
297,"1,4","1,6","0,9",1,"1,1","-0,5",-1,"-0,1"
298,"1,6","0,9","1,3","1,3","1,8",2,"1,9","1,6"
299,"0,4","-5,7","1,3","1,2","1,5","1,6","2,4","1,6"
300,"-7,6",-12,"-3,9","-2,7","-1,9","-2,2","-2,6","-1,9"
301,-12,-21,"-12,8",-16,"-16,1","-13,6","-13,3","-10,5"
302,"-20,7","-21,4",-23,"-23,2",-18,"-16,3","-15,1","-12,9"
303,"-17,5","-25,8","-26,1",-26,"-22,9","-19,2","-20,4","-21,5"
304,"-28,9","-15,3","-23,2","-21,9","-19,4","-17,8","-17,4","-16,8"
305,"-13,1",-10,"-17,1","-20,1","-16,5","-13,4","-21,1","-24,8"
306,"-9,3","-7,1","-10,4","-9,9","-9,5","-8,5","-10,2","-11,9"
307,"-6,3",-7,"-7,9","-8,3","-7,9","-7,5","-8,1","-8,7"
308,"-7,1","-10,1","-3,7","-0,5","0,2","-1,1","-3,6","-4,9"
309,"-14,3","-6,4","-10,1","-9,9","-9,5","-8,3",-8,"-7,7"
310,"-6,7","-6,5",-6,"-7,3","-6,8",-8,"-12,4","-15,6"
311,"-6,1",-1,"-6,9","-7,2","-6,8","-7,1","-7,1","-6,8"
312,"-0,9","0,6","-0,8",-2,"-3,2","-3,8","-4,6","-5,7"
313,"0,9","0,6","0,7","0,7",1,"0,7",0,"-0,7"
314,"0,3","-5,1","1,2","1,3","0,6","0,9","0,9",1
315,"-5,7","-7,6","-4,4","-3,9","-2,7","-1,4","-0,9",0
316,"-7,5","-2,3","-8,7",-9,"-7,9","-7,3","-7,3","-6,7"
317,"-1,6","-1,3","-2,9","-2,5","-2,6","-2,5","-3,5",-6
318,"-0,5","0,7","-2,5","-3,6","-3,1","-2,3","-1,9","-2,1"
319,"1,2","-2,6","0,1",0,"-0,2",-1,"-0,8","-0,7"
320,"-1,8","-1,1","-2,7","-1,8","-1,4","-0,7","0,2","1,2"
321,"-0,8","-5,3","-1,1","-1,4","-1,7","-2,5","-3,1","-2,4"
322,-5,"-7,8","-5,5","-5,1","-3,2","-1,6","-1,6","-1,3"
323,"-8,2","-6,1","-7,8",-8,"-7,6","-6,5","-6,3","-5,7"
324,"-5,4","-4,9","-7,8","-7,4","-5,3",-5,-7,"-8,5"
325,"-4,4","-1,3","-5,1","-4,9","-4,2",-4,"-4,9","-5,3"
326,"-1,6","-8,8","-1,7","-2,7","-1,9","-1,1","-1,9","-2,5"
327,"-9,7",-8,"-6,9","-5,1","-3,9","-2,4","-1,5","-2,1"
328,"-6,6","-9,3","-7,9","-8,7","-8,3","-9,5","-9,9","-10,1"
329,"-12,4","-9,5","-8,4","-7,9","-6,7",-6,"-5,5","-3,9"
330,"-8,7","-6,3","-10,5","-12,2",-13,-12,-15,"-16,4"
331,"-6,5","-8,5","-6,1","-6,6","-5,6","-5,8","-7,1","-8,1"
332,"-8,5","-6,8","-8,4","-8,4",-7,"-5,9","-6,3","-6,7"
333,"-6,2","-2,3","-7,9","-8,1","-6,8","-7,3","-7,8","-8,6"
334,"-1,8","0,4","-3,1","-3,9","-4,7","-5,3","-5,6","-5,5"
335,"0,4","-8,5","0,7","0,3","0,5","0,4","-0,5",-1
336,"-8,6","-6,5","-5,9","-4,8",-3,"-1,4",-1,0
337,"-6,5","-7,4","-6,3",-6,"-4,9","-4,4","-4,8","-6,9"
338,"-7,9","-11,6","-7,9","-8,2","-7,1","-6,9","-7,1",-7
339,"-10,4","-9,5","-10,9","-11,5","-7,9","-6,4","-5,9","-7,5"
340,"-8,2","-14,4","-10,1","-9,5",-7,-5,"-7,3","-8,7"
341,-12,"-10,1",-16,"-14,4","-7,2","-4,6","-6,3","-6,2"
342,"-11,7","-14,5","-12,7","-10,7","-5,9","-3,3","-7,9","-9,9"
343,"-11,3","-7,8","-15,3","-15,1",-5,"-1,9","-7,5","-10,3"
344,"-11,1","-15,6","-9,9","-13,5",-4,"-1,2","-5,3","-7,3"
345,"-12,6","-14,8","-15,3",-15,"-6,9","-1,5","-7,2","-7,5"
346,"-12,6","-12,8","-16,5","-15,8","-8,5","-5,1","-8,1","-12,4"
347,"-12,9","-12,8","-15,5","-15,1","-7,5","-4,9","-8,7","-11,5"
348,"-12,1","-12,4","-13,4","-13,5","-7,6","-4,7",-10,-12
349,"-11,5","-12,6",-13,"-13,3","-8,6","-6,9","-9,7","-10,5"
350,"-11,7","-9,1","-13,7","-13,3","-8,3","-6,4",-9,"-10,7"
351,"-8,3","-4,1","-9,8","-10,2","-5,9","-4,5","-7,3","-9,5"
352,"-3,8","-0,1","-4,9","-5,1","-2,1",-2,-4,"-6,9"
353,"-0,1","1,8","-0,2","-1,1","-1,4",-1,"-1,7","-2,7"
354,"2,9","1,7","1,4","2,4","2,3","2,5",3,"1,7"
355,2,"-0,9","1,7","2,1","2,4","2,8","2,2","2,6"
356,"-0,9","-0,9","-0,3","0,7","1,6","2,2","2,5","2,5"
357,"-0,5",1,"-1,8","-0,9","0,6","0,2",0,-1
358,"0,8","1,3","0,1","0,2","1,3",1,"-0,2","-0,6"
359,"1,4","-2,9","1,2",1,"1,3",1,"0,8","0,6"
360,-3,"-6,2","-3,4","-3,5","-3,1","-2,4","-1,2","1,4"
361,"-5,2","-7,9","-7,3","-5,4",-3,"-2,9","-3,2",-3
362,"-6,4","-8,1","-9,5",-9,"-2,9","-2,5","-5,4","-5,5"
363,"-7,2","-7,3","-8,6","-6,9",-1,"0,3","-2,8",-5
364,-7,"-9,3","-7,6","-7,4","-3,7","-1,4","-3,3","-5,1"
365,"-8,5","-9,4","-9,9","-9,8","-4,6","-3,5","-6,9",-7
366,-9,-5,"-9,8","-9,4",-4,"-2,7","-5,5","-6,6"
367,"-4,2","-0,5","-5,7","-5,4","-3,5","-3,7","-6,6","-7,8"
368,"-0,3","-0,1","-0,3","-0,3","-0,9","-2,7","-3,8","-3,9"
369,"-0,7","-2,2",0,0,1,"1,6","0,7","0,2"
370,"0,7","-0,3","-3,5","-1,5",-1,0,"0,3","-0,4"
371,0,"-1,5","-1,1","-1,7","2,1","2,5","0,4","0,6"
372,"0,9","-2,6","-3,1",0,"1,5","1,1",0,0
373,"-1,2","3,5","-0,2","0,5","2,8",3,"2,5","2,5"
374,"8,6","2,6","-0,4","0,7","3,6","4,9","0,3","-0,8"
375,3,"3,3",3,"3,7","6,6","8,7","8,3","8,9"
376,"3,1","5,8","3,1","3,7","5,1",7,"5,3","4,2"
377,"6,4","2,4","5,1","4,9","5,8","7,1","6,9",4
378,5,"4,6","2,5","2,5","5,8","6,5","5,9","6,7"
379,"5,5","6,1","3,6","3,6","6,1","7,3","6,9","5,9"
380,"5,6",7,"5,8",6,"8,3","9,4","7,7","6,3"
381,7,"7,3",6,"5,6","5,3","5,5","5,3","5,2"
382,"7,2","5,8","7,4","7,5","7,1","7,3","7,1","6,8"
383,"5,8","5,7","5,9","6,3","7,6","7,8","7,4","7,2"
384,"5,5","-0,1","5,7","5,5",6,"6,4","5,9","5,6"
385,"1,5","-0,1","-1,5","1,1","6,5","7,7","4,1","4,7"
386,"1,6","1,7",-1,1,"6,8","8,5",4,"2,6"
387,"0,4","5,6","0,3","2,8","6,7","7,4","4,2",3
388,"4,8","7,8","6,5","7,6","10,2","11,6","9,6","3,4"
389,"7,2","12,5","7,9","8,3","9,2",10,"9,3",5
390,"13,4","6,2","10,6",11,"13,9","14,5","10,8","7,4"
391,"5,7","1,7","7,6","9,5","13,2","14,7","13,2","13,4"
392,2,"0,4","2,2","3,3","5,6","7,1","6,6","6,2"
393,"2,4","2,7","-0,3","1,9","3,1","3,6","2,7","1,6"
394,"4,4","5,1","1,9","3,7","7,8","8,3","5,7","4,1"
395,7,"8,3","2,7","4,6","8,2",9,"8,3","7,3"
396,"7,8","4,9","9,8","10,7",13,"15,3","11,1","8,9"
397,"6,3","6,6","3,2","4,3","7,5","8,2",5,"5,9"
398,"6,4","9,1","5,3","9,9","15,5","16,1","14,1","10,8"
399,"9,8","9,3","8,1",11,"20,4","20,7","15,6","10,5"
400,11,"10,2","5,4","10,8","15,1","19,3","17,5","13,4"
401,"12,5",12,"7,8","11,5","16,2","19,8","16,8","12,5"
402,"12,3","8,6",10,"10,3","14,4",17,"14,6",13
403,"10,7","10,5","6,8",9,"14,5","15,8",14,"12,7"
404,"12,9","9,5","8,2","10,9","16,4","17,8","15,3",13
405,"10,7","8,3","6,2",10,"17,3","19,8","15,9","12,8"
406,"9,4","16,8","6,2","11,4","18,9","20,2","15,8","13,6"
407,"8,2","6,8","5,4","11,1","19,4","20,7","16,3",12
408,"8,7","6,6","4,8","8,6","15,8","19,7","16,1","11,3"
409,"8,2","3,2","6,7","10,7","17,8","19,3","15,3","10,2"
410,"7,2","7,5","1,3","9,3","20,5","21,9",17,"12,4"
411,"11,7","10,2","4,4","12,7","19,5","20,3",16,"9,5"
412,"12,7",14,"8,8","13,3","19,8","21,2","17,8","12,9"
413,15,"10,7","12,4","13,7","20,9","21,9",18,"13,8"
414,"13,1","12,3","9,6","14,4","18,6","21,5","18,4","16,2"
415,"15,7","10,5",9,"11,7","18,8","18,7","16,7","12,3"
416,"12,9","11,6","9,4","11,3","16,8","19,6","17,7","12,2"
417,"14,3","11,5","9,2","12,3","18,2","20,9","18,3","15,5"
418,"13,6",11,"9,4","13,8",21,"24,3","20,9","17,7"
419,"13,1","7,3","10,5",14,"21,4","20,7","17,6","15,9"
420,"9,6","10,3","5,7","14,2","22,4","24,6","21,3","11,8"
421,"12,8","9,3","8,7",14,21,"23,4","18,3","12,7"
422,"10,8","4,2","8,2","13,1","19,3","21,3","18,4","15,1"
423,"5,3","6,1",4,"7,6","13,1","16,1","14,4","12,4"
424,"8,4","3,5","6,4","9,6",12,"13,5","12,4","6,3"
425,"6,3","15,6","7,5","8,7","10,1","12,4","11,6","9,3"
426,"16,6","3,6","10,3","11,4",13,"13,8","10,3","8,3"
427,"4,6","6,8","3,7","10,9","21,2","23,6","22,5","19,1"
428,"9,6",12,"5,2","11,2","15,8","17,1","14,8","7,5"
429,"12,1","12,4","10,5","12,9","16,2","17,8",15,"11,2"
430,"14,5",6,"11,5","13,8","17,9",19,"16,9",12
431,"7,2","3,9","4,9","13,2","20,8","23,1","20,8","17,2"
432,"5,3","13,7","4,3","11,8","17,6","19,8",19,"9,8"
433,"18,9",10,"10,7","13,5",17,"17,7","15,6","8,8"
434,"12,3","10,3","9,1","14,7",20,"22,4","21,6","17,6"
435,"10,2","14,1","10,2","11,8",12,"12,1",16,"13,8"
436,"11,2","13,8","10,9",19,"26,3","27,1","16,9",12
437,"16,1","16,3","11,5","20,2","26,9","26,4","24,8","15,2"
438,"16,2","11,9","13,9","17,5","25,2","27,9","26,2",19
439,"12,1","13,3","9,5",18,"22,4","22,5",21,17
440,"14,7","14,1","12,7","17,5","21,6","24,5","22,1",17
441,"15,7","17,3","11,9","17,4","22,6",25,"23,8","17,6"
442,"19,4","17,6","17,4","20,4","22,8","24,9","22,4","18,1"
443,"19,6","15,7","16,3","24,1",32,"33,5","32,2","22,8"
444,"17,5","7,4","14,8","23,2","31,1","32,2","31,2","22,9"
445,"10,5","13,2","7,5",18,"24,5","27,8","27,6","20,2"
446,"14,5","13,2","12,4","19,8","22,7","23,3","21,8","14,6"
447,"15,7","11,3","12,1","21,4","26,1","22,3","21,8",18
448,"14,6","16,2","10,9","20,4","25,4","25,8","24,8","19,3"
449,"19,3","16,8","14,4","22,4","29,5","29,4",27,"17,8"
450,"16,3","10,9","16,2","18,6",23,"26,4","24,9","20,7"
451,"11,5","7,6","11,1","20,6","27,1","28,5","27,8","19,6"
452,"11,4","6,5","7,3","18,5",24,"25,5","24,7","13,9"
453,"9,6","5,8","4,4","17,2","22,7","24,5",23,"16,3"
454,"7,9","10,1","5,1",16,"20,2",22,"21,1","12,6"
455,"10,3","8,2","9,1","17,6","19,4","19,2","20,3","12,2"
456,"11,9","12,6","7,4","16,9","22,5","22,7","20,7","16,5"
457,13,"15,7",13,"20,1","22,6",25,"23,9",17
458,"12,2","6,2","15,8","20,8","25,5","27,1","25,4","16,6"
459,9,"10,4","6,7","17,3","20,8","21,1","20,4","14,7"
460,"9,3","10,6","10,2","13,9","16,7","18,2","18,7","12,5"
461,"13,2",10,"10,6","14,7","15,5","15,4","13,9","11,8"
462,13,"15,9","8,8","14,8","15,8","18,5","15,6","14,2"
463,"16,7","9,3","15,1","17,3","19,1","17,6","19,3","15,8"
464,"13,1","10,8","10,1","20,6","24,7","26,6","20,1","19,5"
465,"12,4","12,1",10,20,"23,9","24,7",24,"16,9"
466,"13,6",14,"11,7","20,5","24,1","24,2","24,8",19
467,"16,8","14,9","12,7","20,6","24,9","25,4","24,1","18,1"
468,"15,6",15,"13,1","22,7",28,"28,1","26,5","21,1"
469,"15,7","12,3","14,9","23,5","28,5","30,5","28,8","21,4"
470,"13,8","8,1","11,4","21,1","25,2","27,8","27,3","21,4"
471,"11,3","10,2","8,3","20,4","24,3","25,6","24,3","18,1"
472,"10,6","8,5","11,6",17,"21,7","23,6","21,6","14,9"
473,"10,7","14,8",11,"13,4","19,8","21,9","17,2","13,3"
474,"15,8","14,8","14,5","16,6","20,8","15,8","18,8",15
475,"19,1","20,1","13,1","20,5","24,6","25,5",24,"18,5"
476,"21,2","14,4","19,5","19,8","24,2","27,3","25,1","20,8"
477,"16,5","13,7",13,26,"30,4","31,6","31,9","24,7"
478,16,"12,6","14,2","24,4","27,5",29,"28,6","22,3"
479,"12,7","7,3","10,9","23,3","25,9","27,4",27,"20,9"
480,"10,5",9,9,"21,8","25,3","26,4","25,8","18,9"
481,"12,5","8,4",10,"18,3","22,2","23,4","22,9","16,3"
482,"11,2","15,8","11,4","19,3",22,"23,5","20,4","15,9"
483,19,"14,1","14,3","19,2","20,2","21,5","22,3",15
484,"14,6",13,"15,2",22,"19,6","26,2","23,2","18,2"
485,"15,3","10,9","14,8","23,1","26,3",27,"21,1","17,9"
486,"13,4","14,1","13,6","22,3","25,4","27,4","26,1","20,3"
487,"14,3","13,3","13,1","20,8",23,"22,1","23,8","17,5"
488,"13,4","14,7","13,5","19,5","22,6","23,2","21,3","17,9"
489,"16,6","13,1","14,2",19,"21,1","23,1",23,"19,1"
490,"16,6","16,5","13,2","15,1",18,"19,3",20,"17,2"
491,20,19,"16,6","20,1","19,2","19,2","19,5","17,6"
492,"20,9","14,2","19,1","25,3","31,8","28,4","22,5","21,4"
493,"14,6","11,2","15,9","19,6","24,1","29,1","28,9","23,2"
494,"13,1","9,3","13,3","24,4","27,2","29,6","28,7","22,4"
495,"12,5","10,6","11,7",22,25,"26,8",26,"18,1"
496,"11,9","21,9","12,8","19,8",24,"24,3","23,6","17,3"
497,"22,7",26,"20,3","22,2","20,5","18,5","19,9","15,6"
498,"28,8","18,9","26,1","31,5","36,7","37,5",33,"27,3"
499,"20,6","19,9",20,"28,5","33,7","36,5",36,30
500,"21,9","20,5","19,3","26,1","27,5","30,6","30,2","24,8"
501,"21,6","20,4","21,7","25,3","28,6","31,8","30,1","25,2"
502,"19,8","16,6","21,4",27,"26,8",31,28,"23,6"
503,"17,6","14,2","17,2","26,4","28,8","30,5","27,5","24,3"
504,17,"14,8",16,"23,4","26,8","27,3","27,6","22,4"
505,"16,6","9,3","17,1","23,1","21,1","19,9","21,8","19,2"
506,"13,4","16,5","11,4",19,"21,6","23,1","23,3","18,2"
507,"17,4","18,9","16,7",21,"23,6","24,5","23,1","17,5"
508,"20,4","11,7","19,3","23,5","27,2","28,1","24,5","21,8"
509,"13,7","12,8","15,2","22,2",25,"26,5","25,9","21,6"
510,"14,8","12,1","13,8","18,7","20,6","22,2","22,1","17,4"
511,"14,9","13,2","12,4","17,7","19,3","20,8","20,9","16,7"
512,"14,1",14,"13,3","14,4","17,2","22,9","23,8","18,7"
513,"15,2","15,1","15,6","16,7","18,8","19,3","16,6",15
514,"16,1","15,6","14,7","14,6","17,8",22,"20,8","17,8"
515,17,"15,6","17,7","22,8","22,7","21,2",22,"19,1"
516,"16,7","16,4","18,2","23,1","28,2",29,"28,2","23,8"
517,"19,2","14,4","17,6","22,8","25,3","25,5","25,2","21,4"
518,"17,2","12,3","16,2","26,3","28,8",26,"26,5",20
519,"14,9",15,"15,1","24,4",28,"29,4","29,3","24,3"
520,15,"14,4","17,4","21,8","25,7","27,1","26,9",21
521,"15,9","14,1","14,8","19,1","23,6",25,"23,3","19,6"
522,15,"17,1","12,5","13,8",18,"20,8",21,"18,5"
523,"19,1","16,7",18,"21,7","17,9","17,4","20,4","17,7"
524,"17,5","14,6",19,"26,7","29,9",31,"30,2","22,4"
525,"16,1","13,5","16,4","25,7","28,1",29,"28,1","23,1"
526,"16,8","14,9","15,1",25,26,"27,1","26,8","20,6"
527,"17,3","15,6","17,5","23,9","25,4","25,5","25,3","20,7"
528,"17,1","16,2","17,6","23,5","21,3","25,9","26,3","22,1"
529,"16,3","13,8","16,1","22,6","25,4","21,8","21,7","18,8"
530,"14,1",12,"14,4","17,7",20,20,22,"18,8"
531,"13,2","14,3","13,1","17,1","21,5","22,3","21,3","14,4"
532,"14,7","13,5","13,8","16,2","20,4","16,3","21,2","16,7"
533,"13,9","12,2","14,9","18,3","21,4","21,6","15,8","15,2"
534,13,"9,8","12,2","16,3","20,9",17,"18,4","16,7"
535,"12,1","11,1",11,15,"18,8","20,6","15,9","14,6"
536,"11,9","18,3","12,7","17,3","18,4","15,4",16,15
537,"20,3","14,9","18,8",23,"24,4","20,1","18,6","14,2"
538,"17,1","8,1",16,"21,7","25,2",27,"25,7","22,4"
539,"10,2","9,6","7,6",17,19,"20,7","21,2","17,5"
540,"10,1","10,5","9,7","13,1","15,2","16,1","15,5","13,1"
541,"10,4",2,"10,8",12,"16,5","13,9","11,4","10,2"
542,"5,2","7,4","5,1","13,8",17,"18,2","17,4","14,3"
543,8,5,"7,6",11,"8,6","14,5","9,8",8
544,"6,7","1,7","5,8","12,9","15,9","13,5","12,7","9,4"
545,3,"4,1","4,5","11,7","14,1","15,8","15,2","10,4"
546,6,"4,1","7,9","8,5",8,"13,3","12,1","6,9"
547,"3,6","3,8","5,7","10,8","13,6","13,1","14,1","10,1"
548,6,"6,2","4,4","8,3","11,9","12,4","12,7","6,4"
549,"9,8","5,5",7,"15,4","17,7","16,9",15,"9,7"
550,"5,9",2,8,"13,2","16,1","16,9",15,"12,2"
551,"3,6","8,2","3,4","11,3",14,14,"12,5","9,2"
552,"6,9","2,5",9,"8,8","8,6","11,8","12,1","7,1"
553,"3,4","13,8","3,5","12,1","13,9","13,7","15,7",8
554,"17,8","8,1",12,"5,8","7,2","9,7","11,2","5,8"
555,"9,9","8,7","9,3","18,5","22,4","24,8","23,5","20,2"
556,"8,9","10,1","8,7","10,6","14,5","16,8","17,5","13,1"
557,"9,8","5,7","9,4","9,6","9,7","10,3","9,8","9,5"
558,"7,5",10,6,"9,8","15,3","16,5","12,5","11,4"
559,"12,2","13,6","10,5","13,5","13,9","12,9","13,9","11,1"
560,"13,8","14,3","13,4","17,4","20,7","21,1","21,5","16,3"
561,"14,6","17,1","14,7","14,3",16,19,"17,7","15,7"
562,"20,6","15,8","15,9","20,7","24,8","23,6",20,"15,5"
563,"18,2","13,3","14,5",19,"24,3","25,5","24,3","20,3"
564,"13,5","6,2","12,1","17,5","23,2",19,"19,7","17,4"
565,"6,9","4,6","6,1","8,5","13,6","18,2","19,3","15,8"
566,"8,2","10,1","1,1","13,9","20,2","16,6","10,4",8
567,"14,5","2,2","11,9",14,"15,6",17,"16,4",11
568,"1,8",3,5,"14,2","18,4","19,9","20,1","17,9"
569,"5,4","5,3","1,3","7,5","9,6",9,"10,3",4
570,"5,8","11,5","4,4","9,5","13,8","11,7","8,7","5,8"
571,"12,9","8,3","10,8",14,18,"19,5","18,5","7,6"
572,8,"2,5","6,4","12,3","16,9",18,"15,4","13,7"
573,5,"-0,8","0,3","7,1","11,8","13,5","12,8","11,2"
574,-1,"4,7","-1,5","3,4","7,6","9,7","9,8","5,1"
575,"5,3","3,7","3,1","5,7","6,1","7,2","3,4","1,7"
576,"4,5","0,5","3,3","3,9","5,1","4,7","3,5","4,6"
577,"0,7","-0,2","0,9",6,"9,3",8,"7,4","5,3"
578,"-0,1",1,"-1,4","5,9","8,7","9,6","7,7","3,3"
579,"1,6",5,0,"4,7","8,3","7,2","6,6","2,5"
580,"5,6","0,8",4,4,"6,8","6,9","6,1","4,7"
581,"0,6",9,"1,1","3,3","5,5","8,2","6,2",5
582,"10,3","5,1","8,1","5,8",1,"3,5","4,1","1,3"
583,"7,3","-3,8","5,3","10,3","14,4","18,2","17,2","12,7"
584,-1,"1,2","-4,2",5,"9,9","13,9",14,"7,8"
585,"1,4","3,3","0,2","2,9",6,"5,6","4,6",0
586,"4,6","6,7","2,1","4,9","7,5","5,5","5,6","1,9"
587,"7,6",3,"6,1","13,5","16,7","15,2","10,3",5
588,"6,6",4,"1,5",9,"14,3","15,6","15,4","10,2"
589,"-0,1","-6,5","5,7",11,"16,4","16,8","13,5","10,3"
590,"-2,9","-2,7","-7,3",1,"4,9",7,"6,4","0,8"
591,"-1,1","-0,8","-4,4","1,4","3,2",5,"2,8","-2,4"
592,1,"2,3","-3,4","3,8","8,4",9,"3,1","0,1"
593,"4,1","2,9","1,5","8,9",13,"12,3","10,4","7,6"
594,"4,8","-1,5","0,6","6,9","10,2","12,2",12,"6,2"
595,"-0,7","-5,6","-0,3","2,6","6,7","8,9","8,5","6,6"
596,"-2,6","7,5","-7,3","-1,3","1,1",3,"2,7",0
597,"9,4","6,7","1,2","2,9","4,2","3,9","1,4","-0,6"
598,"10,3","4,7","4,9","7,9",12,"15,3",14,"11,5"
599,"7,9","3,1","2,6","8,3","15,9",17,"14,5","11,7"
600,"5,8","-0,3","0,3","6,8","13,2","14,4","13,2","7,7"
601,4,"-0,9","-3,6","5,4","15,1","16,9",15,"9,1"
602,0,"-6,3","-1,3","5,3","12,1","15,2","12,8","7,4"
603,"-4,2","-8,1",-7,"-0,3","5,8","8,4","7,7","0,3"
604,-7,"-3,6","-9,1","-2,5","1,9","4,2","2,7","-2,6"
605,"-2,9",-2,"-4,5","-4,1","-1,7","0,1","-0,7","-3,5"
606,"-0,8","-0,6","-2,7","-2,4","-1,2","-0,3","-0,1","-1,3"
607,"1,8",4,"-2,1","2,3","5,9","6,3","0,9","0,3"
608,"8,2",1,"2,1","5,2","8,7","6,8","4,7","0,8"
609,"3,1","-1,9","0,4","5,2","10,1","11,6","12,3","10,1"
610,"-0,4","-2,1","-3,5","3,5","8,5",10,"8,7","4,8"
611,"-2,3","-3,7","-4,6","0,2","6,1","8,9",7,"2,4"
612,"-4,1","1,7","-3,4","-2,7","-1,2","0,6","0,2","-2,8"
613,"2,8","2,3","0,9","-2,3","-3,5","-3,8","-3,9","-3,7"
614,"3,2","5,3","2,2","4,2","7,4","9,5","3,3","0,7"
615,"5,5","6,3","6,8","8,6","10,1",11,"9,1",5
616,"8,9","5,5","6,1","6,7","8,8",9,"7,8","5,2"
617,"9,1","5,4","2,9","5,8","11,7","16,7","13,3","9,2"
618,"5,6","5,9","5,5","10,5",16,"17,7","15,5","11,4"
619,"6,8",5,"5,6","6,7","9,4","11,4","9,9","5,7"
620,"5,3","5,6","4,7","5,2",12,"15,5","12,6","8,3"
621,"6,8","1,1",4,"4,1","7,5","7,9",6,"5,3"
622,"1,1","2,9","1,1","1,8",3,"5,1","5,3","6,9"
623,"3,2","2,5",2,"2,9","4,9",3,"3,3","2,4"
624,"2,3","2,8","2,4","2,6","4,2",5,"4,2","3,5"
625,"3,8",2,"1,9",2,4,"3,5",2,"1,8"
626,"2,1","-3,4","1,7","2,1","3,9","5,3",5,"3,9"
627,"-1,9","-3,5","-5,1","-2,2","2,6","4,3",3,"2,8"
628,"-2,6","5,8","-3,7","-2,6","0,3","1,8","0,6","-1,3"
629,"6,3",2,"2,7","2,1","0,8","0,3","-0,2","-1,5"
630,3,"-5,7",2,"2,4","3,8","4,3","3,6","3,9"
631,"-4,1",0,"-8,2","-4,7","-0,3","1,4","1,5","2,8"
632,0,1,"-0,2","-0,3","-0,2","0,5","-0,9","-3,1"
633,1,"-0,2",1,"0,9","1,6","2,2","0,7","0,1"
634,"-1,8","-2,4","-0,3","-0,1","0,4","0,1","0,1","0,5"
635,"-2,5","-0,3","-2,1","-0,2","4,3","4,4",2,-1
636,"0,1","1,4","-0,4",-1,"4,2","5,3","2,7","-0,4"
637,"1,6","0,9","1,3","1,2","4,2","4,6","2,1","0,1"
638,"1,7",2,1,"1,2","1,9","3,7","2,4","1,3"
639,"2,5","0,4","1,5","1,2","1,9","2,3","1,6",2
640,"1,5","-2,7","-0,7",0,2,"2,3","2,4","2,6"
641,"-3,1","-1,3",-3,"-1,5","0,2","1,2","0,6","1,1"
642,"-0,7","-7,6","-0,8","-1,6",1,"1,2",-1,"-3,7"
643,"-7,2","-5,3","-8,4","-8,2","-3,3",-2,"-0,9","-1,8"
644,"-5,3","-3,8","-5,1","-4,9","-3,8","-3,3","-4,4","-5,2"
645,"-2,4","-7,5","-4,6","-6,1","-4,4","-2,9","-4,2","-5,5"
646,"-7,7","-6,6",-6,-4,"-2,5","-0,5","0,1","-1,5"
647,"-7,5",-19,"-6,2","-7,6","-5,2","-4,5","-6,2","-6,8"
648,"-15,2","-11,4","-19,8","-17,7","-9,1","-6,6","-8,6","-9,1"
649,"-9,8","-4,2","-11,2","-10,7","-9,6",-9,"-10,9","-14,2"
650,"-4,2","-8,1","-6,2","-7,4",-8,"-7,5","-8,5",-9
651,"-4,7","-3,5","-9,3","-9,6","-4,5","-3,5","-3,6","-3,6"
652,"-2,7","0,2","-4,8","-5,1","-2,7","-2,2","-3,7","-3,6"
653,1,"3,2","0,6","0,2","0,3","0,3","-0,8","-1,2"
654,"3,3","0,4","2,2","2,7","2,8","2,4","1,6","1,1"
655,"0,1","0,5","0,5","0,4","0,8","1,2","0,8","1,8"
656,"0,7","0,8","-0,1","-0,1","0,7","0,6","0,1","0,2"
657,"1,1","0,3","0,8","0,9","1,4","1,1","0,9","0,8"
658,"0,1","-0,1","0,6","2,1","2,1","2,2","2,1","1,5"
659,"-0,2","-2,9","-0,1","-0,3","0,7","0,9","0,4","0,5"
660,"-0,7","0,5","-4,2","-3,8","-2,4","-1,5",-1,"-0,6"
661,"-1,8","-0,8",1,"1,4","2,3","2,3","0,7",0
662,"0,2","0,2","-1,3","-1,7","-0,9","-0,5","-3,8","-2,7"
663,"-0,8","-11,3",1,"1,3","1,5","1,7","1,7","1,6"
664,"-10,4","-1,4","-10,1",-10,"-5,8","-4,8","-2,6","-1,5"
665,"-1,2","2,2","-3,7","-3,6","-2,6","-2,4","-5,1","-7,5"
666,"0,8","0,5","2,3","1,3","1,4","0,9","-0,1","-0,7"
667,"0,4","-3,7","0,6","0,1","0,6","0,3","0,6","0,7"
668,"-3,9","-0,6","-3,1","-2,2","-1,1","-0,1","0,3","0,4"
669,0,"0,9","-1,4",-2,"-2,3","-1,2","-1,8",-3
670,"0,5","0,7","0,7","0,8","1,6","1,7","1,1","0,9"
671,"0,8","-0,2","0,5","0,6","1,4",2,"1,2",1
672,"-0,2","-0,8","0,2","0,4","1,1","1,1","0,5","0,8"
673,"-1,5","1,1","-0,9","-0,7",0,0,"0,2","0,2"
674,"1,2","-3,8","0,8","-0,1","-0,3","-0,7","-0,9","-1,4"
675,-4,"-2,3","-3,7","-2,6","-0,9","-0,1",0,"0,9"
676,-2,"-0,6","-2,4","-2,9","-2,3","-2,8","-5,1","-4,4"
677,"-0,5","-2,4","-0,9","-0,9","-0,3",-1,"-1,6","-1,9"
678,"-2,3","-4,4",-1,"-0,6","0,1","0,1","-0,2","-0,1"
679,-4,"-10,8","-6,4","-5,7","-3,3","-2,5","-2,7","-2,7"
680,"-11,9","-3,8","-8,9",-7,"-4,4","-2,9","-3,8","-4,4"
681,"-3,5","-2,4","-4,3","-4,5","-1,9","-1,7","-3,8","-6,4"
682,"-1,7",0,"-2,6","-4,5","-2,4","-1,3","-2,7","-4,2"
683,"0,6","-0,6","-0,1","-0,2","0,5","0,7","0,1","-0,9"
684,"-0,2","-0,1","-1,1","-1,5","-1,7","-0,7","0,8",1
685,0,"-8,8","0,1",0,"0,7","0,5","0,4",0
686,"-6,5","-0,1","-6,3","-4,9","-3,6","-1,8","-1,8","-0,5"
687,"-0,4","-2,4","0,5","1,1","1,5","1,2","-0,3","-1,9"
688,"-3,4","-5,5","-1,7","-1,3","-1,5","-1,2","-1,3","-0,7"
689,"-5,3",-6,"-5,7","-5,9","-5,2","-5,2","-4,9","-3,7"
690,"-5,7","-7,2","-7,5","-7,9",-7,"-5,9","-5,8","-5,2"
691,"-6,9","-9,3","-8,5","-8,3","-5,9","-5,1","-5,4","-5,2"
692,"-8,8",-7,"-9,8","-10,5","-5,4","-4,4","-6,1","-6,9"
693,"-7,1","-2,6","-7,8","-6,8","-4,7",-3,"-4,7","-5,6"
694,-1,"-0,2","-4,8","-4,7","-1,8","-1,1","-3,5","-4,5"
695,"0,7",2,"-0,6","0,2","-0,1","-0,9","-0,7","-0,5"
696,"1,2","-1,8","2,1","2,1","3,3","3,6","3,4","1,6"
697,"-1,1","-3,7","-1,3","-1,2","-0,2",1,"1,1","0,5"
698,"-2,8","1,8","-3,7","-3,7","-2,4","-1,1","-1,5","-1,7"
699,"2,6","3,6","0,9","0,3","1,4","1,9","-1,1","-2,5"
700,"3,2","2,7","4,1","4,4","4,6","4,5","3,6","2,8"
701,"2,8","1,7","2,3","1,9","2,8","2,5","2,5","2,7"
702,"2,1","-0,1","1,5","0,2","1,6","1,4","0,5",1
703,"0,1","-1,4","0,2",1,"2,4",2,"1,5",2
704,"-1,8","-5,6","-0,8",0,"0,2","0,4","0,4","0,5"
705,-3,"-2,2","-5,7","-4,5",-3,"-2,3","-1,8","-1,3"
706,"-2,2",1,"-2,1","-2,2","-2,9","-3,6","-2,9","-3,4"
707,"1,1","0,3","0,8","0,4",2,"2,1","-1,2","-1,6"
708,"0,5","1,4","-0,1","-0,1","0,4","0,8","0,7",1
709,"1,8","-1,2",1,"1,1","1,4","2,1","2,2","1,3"
710,"1,2","3,6","-0,1","0,4","2,6","2,8","2,7","2,8"
711,"2,4","-1,3","2,7","2,3","2,9","2,6","2,3","2,2"
712,"-0,5","0,9","-2,5",-3,"1,2","0,7",1,"1,2"
713,"0,7","-2,5","1,3","0,7","1,2","2,6","0,5","0,2"
714,"-2,4","-5,2",-2,"-0,3",-4,"1,3","1,3","0,9"
715,"-6,4",-2,"-4,3","-4,1","-2,3",-3,"-3,1","-2,6"
716,-2,"-6,9","-2,5","-2,9","-6,4","-4,3","-4,8","-6,2"
717,"-6,4",2,"-6,9","-4,6","-0,3","-0,9","-1,6","-2,1"
718,"1,5",0,"1,5","1,4",2,"-1,3","-2,1","-1,8"
719,"-0,2","-2,4","0,6","1,4","-1,6","2,8","2,7","2,6"
720,"-1,8","-3,4","-2,6","-2,3",-2,-1,"-0,3","-0,3"
721,"-4,4","-7,6","-2,9","-2,4","-3,4","-1,4","-2,3","-1,8"
722,"-8,8","-9,7","-7,1","-5,8","-4,7","-1,7","-3,3","-4,5"
723,"-8,5","-11,8","-11,6","-10,9","-2,6","-2,6","-6,6","-8,3"
724,"-10,8","-14,2","-13,1","-13,3",-4,"-0,6","-4,7","-7,1"
725,"-12,6","-13,9","-15,5","-14,5","-5,1","-0,5","-6,4","-8,7"
726,"-13,3","-13,4",-15,"-13,5","-6,5",-1,"-4,5","-10,4"
727,"-12,9","-7,7","-15,7","-13,5","-6,7","-3,4","-7,4",-12
728,"-5,9","4,4","-8,8","-10,1","0,1","-5,3","-8,2","-11,2"
729,"4,4","2,5","4,3","1,5","3,1","-0,5","-5,3","-6,6"
730,"2,6","1,6","2,4","2,2","3,5",4,"3,9","4,5"
731,"1,6","1,8","1,9","2,8","3,1","4,2","3,5","3,1"
732,"1,1","-1,1","2,5","2,8","5,3",3,"2,5",2
733,"0,4","-0,6","-0,6","1,1","3,7","5,8","2,4",0
734,"0,6","-1,3","0,5","0,5","4,8","5,1","0,7","0,4"
735,"-1,3","3,9","-1,6","-0,5","5,7","6,4","2,9","1,8"
736,"5,5","5,6","1,3","-0,3","10,1","6,6",1,"-1,7"
737,"5,8",4,"6,4","7,9","4,6","8,2","7,3","6,7"
738,5,"1,4","2,8","3,9","3,9","4,8","5,4","5,6"
739,"1,5","3,2","2,3","3,1","3,8","4,7","4,6","4,9"
740,"5,2","7,1","3,2","3,6","7,4","3,9","2,8","2,9"
741,"7,7","12,9","7,3","7,6","12,1","7,2","5,2","4,8"
742,"11,8","10,7","13,4","12,6","11,5","11,1","8,7","8,2"
743,"10,4","7,1","9,9","10,7","8,4","12,9","11,7","10,5"
744,"5,5","1,8","8,3","9,3","5,1","11,8","10,3","9,3"
745,"1,7","-3,5","1,2","2,2",4,"7,4","5,5",4
746,-3,"-3,3",-4,"-2,1","0,3","3,4","2,4","2,2"
747,"-3,2",-4,"-2,2","-1,3","-0,2","1,3","1,2","-1,1"
748,"-3,3","-1,8","-4,3","-2,6","-2,3","0,5","-1,9","-3,6"
749,"-0,8","3,9","-2,3","-2,9","3,3","-1,9","-3,3","-4,6"
750,"4,2","-1,2","4,1","3,5","6,1","1,8","-0,3","-0,4"
751,"0,4","8,9","-1,3","1,4","13,2","9,4","5,3",4
752,"9,8","9,2","8,9","10,2","11,4","13,4","6,2","6,3"
753,"9,3","8,9",9,"9,1","13,4","14,3","12,7","11,4"
754,"7,8","8,6","7,1","7,8","11,3","11,5","9,7","9,6"
755,"9,2","9,9","8,3",9,"12,9","13,1","11,3","10,3"
756,11,"6,5","9,3","9,2","12,2","14,3","11,5","8,3"
757,"6,4","12,2","7,4","10,3","13,5","12,3","12,4","11,9"
758,"12,3","8,2","9,8",11,"16,8","13,7","11,5","10,7"
759,"8,9","5,3","7,5","10,5","15,6","18,7","15,5","13,9"
760,"5,1","6,5","5,1","8,9","15,2","17,4","14,4","11,6"
761,"9,5","8,5","3,9","6,3",17,"17,3",13,"7,4"
762,"10,4","3,2","7,4","10,2","13,9","18,6","12,5","12,5"
763,"4,2","1,8","4,6","7,9","7,8","17,1","14,5","12,2"
764,"5,8","15,1","1,2","4,1","18,6",10,"6,8","4,3"
765,17,"8,8","13,1","14,6","15,3","18,1","11,9",10
766,"9,6","11,8",9,"10,8","15,4","16,2","14,7","14,8"
767,"11,9","8,4",12,"12,4","14,6","13,4","11,7","11,9"
768,"8,6","10,7","7,7","9,4","12,6","14,2","12,5","11,5"
769,"11,6",7,"8,8","9,8",10,"12,9","11,4","10,2"
770,"6,4","-2,2","7,2","6,7","7,3","8,9","9,3","10,3"
771,"-1,3","2,3","-2,6","0,2","0,4","8,6","5,3","4,4"
772,"2,4","2,3","1,5","0,2","3,6","0,9","0,8","-1,8"
773,"3,5","9,5","1,8","2,5","14,8","3,9",3,3
774,"8,6","15,7","11,3","14,4","10,6","14,8","10,9","5,3"
775,"15,6",13,"9,7","9,2","19,8","11,1","10,2","8,9"
776,"11,5","8,5",13,"15,2","19,5","17,4","16,3",16
777,"9,1","10,1","8,2",12,"15,6","20,4","17,2","13,6"
778,"12,2","12,7","7,4","10,9","13,3","17,1","14,5","12,5"
779,"12,4","9,6","12,5","12,9","12,6","13,5","13,9","13,4"
780,10,"7,4","9,5",11,"14,6","14,3",13,"12,4"
781,"7,8",2,"5,5","9,5","11,4","14,8",14,"13,5"
782,4,"6,3","2,9","5,9",9,"13,7","11,7","8,3"
783,"7,3","3,8","6,4","8,3",12,"10,3",9,"5,5"
784,"4,3","3,1","3,2","6,2","9,2","13,8","10,5","9,1"
785,"4,6","0,5",0,"5,8",8,"9,1","7,4","4,6"
786,"2,6","3,3","-1,4",3,"5,8","8,8","6,8","5,8"
787,"3,3","2,6","3,6","4,4","7,1",6,"6,6","2,4"
788,"1,2","4,5","3,4","4,4","9,8","10,2","6,8","4,5"
789,"5,2","6,4","1,7",7,"11,7","9,8",8,4
790,"7,6","6,6","5,5","9,3","12,4","12,1","8,3","5,4"
791,"6,1",5,"8,2","9,7","13,6","13,6","9,2","7,7"
792,"8,2","10,4","4,6","10,8","18,2","10,2","10,3","8,2"
793,"11,6","12,7","7,5","12,8",15,"17,8","15,7","11,2"
794,"12,2","8,3","12,1","13,8","13,5",17,"15,7","12,3"
795,"9,6",14,"4,3","10,6","22,4","16,6","15,9","10,6"
796,15,"13,5","14,6","18,6","25,8","16,5","14,3","12,1"
797,"14,7","8,9","12,7",18,"26,2","27,1","24,2","16,8"
798,"11,2","7,9",9,"18,9","25,1","26,9","23,9","17,4"
799,"11,7","15,5",6,"18,2","24,6","26,8","24,7","14,8"
800,"18,2","15,6","12,1",18,"25,6","26,6","23,8","15,7"
801,"16,8","9,7","15,1","18,5","25,9","26,6","23,7","19,8"
802,"11,5","11,8",8,"18,7","23,3","26,4","24,6","19,1"
803,"11,9","14,8","10,1",18,"21,1","25,5","23,6","14,9"
804,"15,1","10,7","12,8",18,"22,6","15,5","15,6","12,4"
805,"12,5","6,4","8,6","17,6","21,5","24,1","22,7","14,8"
806,"9,3",10,"4,5",16,22,23,"21,4","14,3"
807,"13,8","10,5",9,"14,8",23,"23,8","21,7","14,6"
808,12,"7,5","9,6",20,"23,1","21,8",20,"16,2"
809,"8,5","9,4","5,5","18,2",21,"24,1","23,2","15,3"
810,"11,9","9,3","8,8","15,4","20,1","22,8","21,4","14,4"
811,"12,7","2,5","8,4","16,2","18,2","23,6","21,3","16,2"
812,"5,8","10,9","2,3","12,1","16,2","20,9","20,7","14,4"
813,"12,9","10,6","9,6","12,6","19,1","16,3",14,"9,2"
814,"10,5","9,1",12,"16,7","20,7","23,2","22,5","16,6"
815,"11,5","9,2","7,2","15,6",23,"21,6","21,4",15
816,"10,9","11,4","9,2","18,6","23,8","24,1","22,4","17,1"
817,"14,1","16,9","10,4","19,4","20,9","25,6","24,8","16,2"
818,18,"15,9","17,6","19,1","28,2","20,7","21,4","18,5"
819,"18,6","11,6","13,5","24,5","26,5","29,4","28,5","21,4"
820,"14,2","13,8","12,8","21,5","22,7","28,5","27,6","20,4"
821,"16,1","17,3","11,4","19,6","20,7",25,"24,2",18
822,"19,5","14,8","16,4","19,4","21,1",23,"23,7","18,3"
823,17,"19,4",15,"18,1","20,3",25,"25,6","22,1"
824,"21,4","20,8","19,3","21,2","26,4","20,5","20,9","18,9"
825,"21,6","16,8","23,6","25,6","31,7","25,8","23,5",22
826,"17,7","19,8","18,8","25,7","28,2","33,1","31,8","25,4"
827,"19,3",8,"18,4","25,1","23,2","29,5","29,3","23,5"
828,"10,2","7,1","9,5","18,5","19,6","25,3","24,6","19,6"
829,"9,5","12,9","7,4",15,"14,2",22,"21,5","15,5"
830,"12,9","14,7","12,6","13,5",19,"18,7","19,4","13,4"
831,"14,8","19,8","14,1","17,6",25,"20,5","18,6",14
832,"19,1","15,6","19,9",22,"16,7","26,4","24,3","17,5"
833,"15,5","12,6","15,7",16,"22,5","21,8","22,8","18,7"
834,"13,6","10,1","11,4","18,1",14,"24,7",24,19
835,"10,5","10,4","10,1","11,6","15,5","18,4","19,7","13,2"
836,"13,3","10,2","8,7","12,1","20,4","16,3","14,7","10,7"
837,"11,6","12,5","11,2","15,6","16,2",19,"17,8","15,5"
838,"12,9",13,12,"13,1","14,7","15,9","17,7","12,6"
839,"13,1","8,9","12,6","15,3","17,1",16,16,"13,5"
840,"9,7","9,9",9,14,16,"18,2","17,8",14
841,"9,4","6,2","10,5","11,1","20,2","15,5","14,2","12,1"
842,"8,3","17,8",7,"15,6","19,6","21,2","20,9","16,1"
843,19,"16,6","16,5","16,3","25,7","20,7","19,6",14
844,"19,1","15,2","17,5","22,5","27,2","26,3","26,5","22,3"
845,"17,9","18,1","15,9","21,7","19,1","28,1",27,"21,6"
846,"20,3","16,4","16,7","18,7","23,4","21,4","22,4","19,8"
847,"16,7",18,"16,7","18,2","21,6","23,3",23,"20,4"
848,"18,7","14,6","17,7","20,9","25,3","23,3","23,6",18
849,"14,6","13,2","15,7","23,9","23,8","26,9","26,4","19,3"
850,"15,4","12,7","14,8","21,1","25,7","25,9","26,2","19,9"
851,"16,3","16,8","14,3",23,"25,9","27,5","26,6","21,6"
852,"18,8","12,3","15,5","22,4","23,4","25,4",26,"20,7"
853,"14,8","14,2","13,2","20,5","24,9","24,4","24,2","20,8"
854,"14,8","15,2",15,"21,2","17,5","26,6",19,"17,6"
855,"15,5","9,3","15,5","16,4","25,8","20,9",19,"17,5"
856,"12,7",10,"11,9","24,2","24,9","24,9","21,8","16,8"
857,"12,2",12,"10,9","21,4","22,1","24,5","23,3","19,6"
858,"13,5","12,3",14,"18,9","22,1","22,8","23,1","18,6"
859,"13,5","11,8","12,8","20,1","22,7","22,2",23,18
860,"14,6","10,9","12,7","19,4","20,3",23,"23,1",18
861,"12,5","11,1","12,1","17,3","20,3","22,6","21,5",18
862,"13,8","16,5","12,9","17,4","20,6","19,1","16,6","14,3"
863,"16,7","12,8","17,1","18,5","18,2","21,7","20,3",16
864,"14,2","8,9","13,3","15,5","21,9",19,"18,1","16,8"
865,"11,5",11,"12,6","18,4","16,6","23,1","19,6","14,4"
866,"13,3","9,3","13,5","20,3","21,9","14,9","15,9",14
867,10,"12,7","12,4","18,8","21,4","21,5","21,7","16,7"
868,"13,8","14,1",13,"18,5","25,7","22,2","21,4",15
869,"15,5","16,6","16,1","23,3","27,4","26,9","25,8","19,2"
870,"15,3",10,"18,1","25,1","21,5","27,8","25,8","20,1"
871,"12,4","10,2","12,4","17,6","14,1",23,"22,7","15,3"
872,"8,6","12,1","10,6",13,"16,7","15,8","16,4","12,8"
873,"13,1","18,4","12,3","14,9","23,2","16,9","15,3","12,1"
874,"17,6","18,6",17,"20,8","20,9","23,8","22,3",17
875,"16,9","8,8","17,5","19,7","23,5","20,1","19,9",18
876,"12,3",14,"12,6","20,4","22,5",24,24,"18,8"
877,"16,9","16,5","14,9","22,2","28,4","24,7","24,2","18,6"
878,"18,2","16,9","20,8","25,1","31,4","27,2","25,1","21,1"
879,"18,9","15,6","20,4","29,7","32,6","33,3","32,6","25,1"
880,"16,8","13,9","17,5","28,5",31,"33,5","32,2","24,8"
881,"17,4","12,6","17,7","28,4","28,6","32,1","31,5","25,4"
882,"14,9","14,9","16,7","25,1","26,7","30,1","29,5","24,5"
883,"15,4","12,5",16,"23,1","26,6","28,5","27,7","22,1"
884,"14,6","11,6","15,2","24,1","24,4","27,6","19,3","18,2"
885,"14,6","11,1",14,"20,6","21,9","26,2","24,1","19,8"
886,16,"18,4","12,9","18,2","21,6","21,5","21,7","21,4"
887,"19,9","5,7","18,3","19,8","21,9","21,8",21,"18,3"
888,"9,8","16,9","9,4","18,6","21,2","24,6","24,3","22,3"
889,"19,6","16,4","17,6","19,4","29,6","21,4","20,4","16,3"
890,21,"16,7",19,"26,7","31,2","30,7","29,8",24
891,"19,9","12,4","18,1","27,5","30,5","32,2","30,4","25,9"
892,"15,8",15,"15,9","26,8","30,4","32,1","29,5","23,3"
893,"17,3",16,"18,6","26,6","29,7","28,4",27,"21,8"
894,"18,1","11,2","18,1","25,6","29,3","29,9","29,7","24,1"
895,"14,3","9,6","15,4","25,4","28,5","30,8",30,"23,3"
896,"12,6","8,1","15,4","25,4","24,3","29,3","28,4","22,4"
897,"9,6",13,11,"21,3","20,4","26,1","26,1","20,3"
898,"15,1","15,9","12,6","18,2","25,9","22,2","21,9","16,8"
899,"16,2","12,9","17,3","22,3","24,9","27,2","24,9","19,3"
900,"14,3","17,2",13,"21,8","22,7","25,5","23,3","20,2"
901,19,"16,1","16,5","23,8","30,1","20,4","21,5","18,5"
902,"18,3","16,7","19,3",27,"28,6","31,2","30,6","24,2"
903,"19,5","14,5","18,2","26,5","28,4","30,7","29,6","24,1"
904,17,"10,7","16,7","25,5","25,3","26,6","29,1","23,5"
905,"11,7","13,3","13,3","22,1","22,2","22,5","26,9","20,2"
906,"13,7",14,"13,1","19,7","20,4","21,8","21,3","15,2"
907,"14,8","8,8","9,9","15,2","17,6",17,"20,9","17,7"
908,"10,2","13,3","11,1","14,8","16,2","18,4","18,5","16,6"
909,"14,1","12,1","13,5","15,5",24,"24,8","17,6","12,7"
910,16,"11,4","13,8","20,1","24,6","23,6","19,6","15,2"
911,"13,2","5,4","11,8","21,1","21,7","22,2","22,4","19,9"
912,"6,6","5,3","5,9","17,7","16,8",19,"23,1","17,6"
913,"7,7","7,2","6,2",14,"21,3","21,8","18,8","12,9"
914,"8,9","4,4",9,"18,9","20,4",22,"19,8","14,8"
915,"8,9","11,1","6,1","16,6",18,"19,5","21,7","14,2"
916,"13,3",15,"9,2","15,2","20,6",21,"19,1","13,3"
917,"16,1","13,9","15,5",18,"25,6","27,8","20,4","16,8"
918,15,"12,2",15,"18,6","24,4","25,7","23,4","18,2"
919,"13,6","14,4","13,2","20,3","24,7","29,3","26,7","21,5"
920,"14,1","10,5","14,4","19,2","18,9",19,"24,7","17,3"
921,"12,4","18,1","12,2",17,"18,5","21,3","18,5","16,3"
922,"23,1","12,4","14,1","14,7",27,"28,6","21,5","15,4"
923,"12,5","13,4","13,4","20,8",23,"23,3","28,4","25,7"
924,"14,7","12,7",17,"22,9","25,5","25,7","17,6","15,9"
925,"13,6","13,1","12,7","22,4","24,7","26,3","25,6","21,6"
926,13,"8,2","12,5","19,8","22,4","21,1","24,7",18
927,"10,6","9,2","8,5","17,7","22,4","24,2","22,1","16,3"
928,"10,1","7,2","8,9","17,3","19,3","22,9","22,9","14,7"
929,"8,7","7,9","7,5","16,6",15,"16,8","17,6","12,8"
930,"10,9",10,"8,4","10,3","10,4","11,4","15,3","11,3"
931,"6,3","5,5","6,1","6,7","13,1","14,1","13,8","11,4"
932,"5,3",2,1,"9,7","12,1","12,5","13,2","11,2"
933,"0,1","-2,1","-0,5","8,2","10,1","12,2","12,2","7,9"
934,3,"-0,6","-3,2","6,9","20,8","16,9","11,5",6
935,"14,6","11,7","9,5",18,"22,1","24,1","8,2","5,5"
936,"10,8","6,9","7,8","16,5","22,4",24,21,"15,7"
937,"11,3","9,1","6,7","13,7","24,2","25,2",22,"15,4"
938,"8,4","6,8",7,"18,1",20,"22,6","24,3","16,4"
939,"7,6","4,5",3,"14,2","19,4","20,5","22,2","14,8"
940,"4,4","2,9","-0,3",13,"18,2","18,3",18,"11,7"
941,"1,8",-1,"-1,3","11,4","15,2","16,8","17,1","9,6"
942,"1,6","-1,5","-2,6","10,2","13,8","14,7",16,9
943,"-0,7","-3,6","-3,8","9,9",11,"12,6","14,1","7,3"
944,1,"-1,4",-3,"7,1",8,"9,9","11,9","4,1"
945,"-1,7","-3,1","-5,2","4,1","8,2","9,4","9,5","4,1"
946,"7,1",4,"2,3",6,"14,2","16,1","8,7","3,3"
947,"6,5","4,9","3,2","9,5","8,3","11,2",15,"8,8"
948,"6,9","6,3",5,"4,7","10,8",11,"12,5","9,2"
949,"5,4","4,3","3,6","5,6","8,3","10,7","7,9","7,1"
950,"11,6","9,4","6,6","6,1","22,1","21,4",10,"7,8"
951,"7,9","9,1","7,6","15,1","20,8","22,7","18,8","13,4"
952,"13,4","12,8","11,8","15,5","18,8",20,20,"13,4"
953,"12,5","11,7","10,3","12,1","12,9","15,5","18,8","15,7"
954,5,"3,8","3,4","8,9","12,1","12,8","15,6","13,1"
955,2,"-0,7","-2,5","7,1","8,1","9,8","11,8","6,7"
956,"1,2","0,1","-3,4","1,2","3,2","3,9","9,4","3,5"
957,"1,6","1,3","1,3","2,4",3,"3,6","4,1","2,8"
958,1,"0,9","0,9","1,7","1,1","1,3","2,9","1,5"
959,"2,1","1,6","2,1","3,6","6,7",8,"1,2","0,9"
960,"3,2","-1,2","-2,4","4,2","7,3","8,6","6,8","5,2"
961,0,-1,"-0,9","3,3","11,5","11,3","7,2","4,1"
962,"6,1","6,5","4,7","9,1","11,4",15,"8,7","3,8"
963,"3,8","2,7",1,"2,4","1,2",2,"14,8","9,3"
964,"-3,7","-4,7","-4,4","-2,2","0,3","2,7",3,"3,6"
965,"-2,1","-2,7","-2,3","-1,6",2,"2,4",1,"-2,5"
966,"-2,8","-5,1","-6,3","-1,4","2,4","3,8","0,4","-1,4"
967,"0,7","0,9","0,6","1,8","1,3","1,8","2,8","-1,4"
968,"-1,4",-1,-1,3,"3,2","5,5","1,9","1,5"
969,"-0,4","0,3","0,5","1,1",2,"2,5","4,4","0,8"
970,"1,3","0,9","0,4","0,3","3,7",3,"0,7","-1,6"
971,"0,4","0,2","-0,5","0,6","2,1",3,"1,9","1,4"
972,-1,"-1,4","-1,6","0,7","3,6","4,4","0,4","0,3"
973,"0,4","0,5",0,"0,3","2,1","2,5","2,4","0,3"
974,"-0,2","-0,3","-0,1","0,7","0,8","3,2","1,7","0,9"
975,"-1,1","-1,4","-1,4","-0,7","1,1","2,8","0,7",0
976,"0,8","0,7",0,"-0,1","2,6","2,6","0,3","-1,3"
977,"-0,3","-0,1","0,1","0,7","-0,8","-0,6",2,"1,4"
978,-3,"-2,8","-2,1","-1,4","0,5","-0,3","-0,4","-0,3"
979,"-5,3","-4,9","-5,2",-3,"-3,2","-0,5","-1,4",-2
980,"-8,7","-10,2","-11,3","-8,5","-0,8","-0,6","-2,6",-5
981,"-4,3","-3,8","-3,3","-2,5","1,5","1,5","-3,6","-6,6"
982,0,"0,1",0,"0,8",1,"2,3","-0,1","-1,8"
983,0,"0,6","0,6","1,3",1,"2,2","1,8","0,7"
984,-1,"-0,8","-1,5","-1,2","2,9","3,1",1,"0,3"
985,3,"3,1","2,6","2,5","-0,2","1,6","2,7","0,6"
986,-9,"-8,1","-8,3","-5,7","-4,9","-2,9","2,1","2,6"
987,-6,-10,-13,"-8,9","2,9","2,2","-4,8",-8
988,"2,8","2,6",2,"2,6","2,5","3,5","-0,7","-3,3"
989,"0,1","1,4",1,"1,1","-2,6","-1,9","2,9","2,5"
990,"-4,1","-3,7",-3,-3,"-6,7","-5,1",-1,"-0,2"
991,"-13,4","-13,5","-16,5","-13,2","-1,4","-4,5",-5,"-4,4"
992,"-1,6","-3,2","-2,1","-2,6","-0,3",0,"-7,6","-11,5"
993,"-0,8","-1,1","-1,3","-1,7",-1,"-1,2","-0,4","-0,9"
994,-2,-2,"-2,7","-2,6","0,9","1,3",-1,"-0,7"
995,"-0,2","-0,3","-0,4","-0,1","1,2","0,6","-0,6",-1
996,"0,2","0,3","0,2","0,2","-1,3","-0,2","0,6","0,1"
997,"-4,8","-3,7",-3,"-2,4",-11,"-7,5","0,4","0,7"
998,"-17,5","-19,2",-19,"-17,1","-10,4",-10,"-7,3","-6,8"
999,"-8,9","-9,8","-11,4","-10,9","-7,6","-8,1","-12,1","-15,7"
1000,"-5,3","-6,4","-8,1","-8,4","0,7","-0,6","-8,4","-8,3"
1001,"-0,2","0,3","0,8","0,8","-2,6","-1,3","-2,8","-4,3"
1002,-5,"-4,6","-7,5",-6,"-7,8","-4,5","-0,6","-0,5"
1003,"-7,4",-9,"-11,2",-12,-2,"-1,4","-4,8","-4,8"
1004,"0,7","-0,1","-0,9",-2,"0,5",2,"-3,6","-4,8"
1005,-2,"-2,6","-0,7","0,1",2,2,"1,9","1,9"
1006,"1,1","1,4","1,5","1,6","-3,8",-2,"1,7","-1,4"
1007,"-9,1","-11,4","-12,8","-9,5",-3,-3,"-1,2","0,1"
1008,0,"-1,4","-3,4","-3,8","-3,5","-1,6","-7,3",-9
1009,"-4,5","-5,1","-4,8","-4,4","-2,3",-1,"1,4","1,1"
1010,"-4,8","-4,5",-3,"-2,7","-5,4","-4,1",-3,-4
1011,"-6,9",-7,"-6,8","-6,6","-5,7","-5,5","-4,4","-4,4"
1012,"-5,1","-5,3","-5,4","-5,3","-6,8","-5,8","-5,9","-6,5"
1013,"-6,7","-8,3","-9,4","-8,7","-0,5","-0,3","-5,1","-5,1"
1014,"-2,9","-3,1","-3,4",-3,"-1,7","-2,3","-1,8","-4,3"
1015,"-2,5","-2,2","-2,5",-1,"1,7","0,3","-2,4","-2,5"
1016,"0,1",0,"-0,1","0,8","1,5","1,8",0,"-2,7"
1017,"-0,4","-0,3","0,3","0,9",1,"1,2",1,"0,7"
1018,"-3,9","-2,5","-0,9",0,"-8,5","-6,2","0,6","-0,2"
1019,"-9,1","-11,4",-13,"-11,7","-9,3","-7,3","-5,7","-4,5"
1020,"-8,6","-8,7","-9,5","-10,9","-9,8","-8,9","-8,3","-8,8"
1021,"-9,6","-10,1","-10,8",-12,"-7,2","-6,5","-8,8","-7,4"
1022,"-5,9","-6,3","-6,5","-7,1","-4,6","-4,1",-7,"-7,2"
1023,"-7,4","-6,7","-6,3","-5,6","-7,4","-6,4","-4,5","-5,1"
1024,"-7,7","-8,5","-8,6","-8,8","-3,3","-4,6","-6,6","-7,8"
1025,"-7,8","-6,3","-4,8","-3,5","-12,5","-10,9","-6,2","-7,4"
1026,"-10,6","-11,5","-12,3","-12,9",-11,"-10,8","-9,6","-8,6"
1027,"-25,7","-25,3","-22,9","-13,9","-18,3","-16,5",-11,"-10,1"
1028,-17,-22,"-20,9","-20,5","-10,4","-9,5","-20,7","-23,7"
1029,"-19,3","-16,3","-14,5","-10,8","-20,6","-17,5","-9,6","-12,2"
1030,"-21,4","-23,2","-24,8","-24,6","-13,6",-14,"-19,8","-22,8"
1031,"-10,9","-11,2",-13,"-14,7","-7,1","-6,6","-17,3","-19,3"
1032,"-9,5","-10,5","-9,6","-7,9","-9,5","-7,8","-6,6","-9,9"
1033,"-7,4",-9,"-10,6","-13,1","-0,9","-2,1","-7,2","-8,8"
1034,"0,7","0,8",1,1,"-1,5","-0,6","-7,8","-8,3"
1035,"-6,2","-4,9","-3,4","-2,8","-7,2","-5,6","-0,6","0,3"
1036,"-7,1","-6,1","-7,5","-6,7","-3,8","-4,2","-6,9","-6,9"
1037,"-3,3","-4,1","-4,5","-4,8","0,6","1,4","-6,5","-6,6"
1038,-6,"-4,5","-1,8","-0,7","-3,3",-3,"-0,4","-2,6"
1039,"-4,8","-4,5","-4,2","-3,7",-9,"-7,3","-3,4",-5
1040,"-12,3","-11,8","-12,1",-11,"-8,8","-11,4","-6,1",-6
1041,"-9,9","-10,1","-9,9","-9,8","-7,5","-6,8","-14,5","-13,9"
1042,"-9,5",-9,"-8,5","-8,5","-8,8","-8,4","-8,9","-9,8"
1043,"-6,6","-7,2","-7,9","-8,7","-8,4",-7,"-10,2","-9,7"
1044,"-14,6","-12,5","-11,4","-10,5",-14,"-13,8","-7,1","-6,8"
1045,"-16,5","-16,7","-13,4","-14,1","-9,2","-10,3","-18,3","-17,8"
1046,"-15,7","-12,5","-9,7","-9,5","-5,8","-8,9","-11,2","-16,8"
1047,"-5,7",-6,"-6,2","-6,2","-4,4","-5,2","-12,6","-16,5"
1048,"-3,8","-4,7","-4,7","-4,2","-3,6","-2,9","-7,5","-6,4"
1049,"-3,9","-4,3","-4,5","-4,6","-4,6",-3,"-3,3","-3,5"
1050,"-3,2","-3,3","-3,5","-4,2","-5,1","-3,9","-3,3","-3,6"
1051,"-7,1","-6,8","-6,5","-6,9",-9,"-8,7","-3,6","-4,1"
1052,"-10,2","-10,6","-10,5","-9,9","-9,6","-9,3","-8,6","-7,9"
1053,-11,"-11,8","-11,8","-11,4","-8,3","-8,8","-10,5","-10,5"
1054,"-9,1","-9,5","-9,6","-9,4","-9,3","-8,4","-8,9",-9
1055,"-11,9","-11,4","-11,2","-10,8","-11,2","-11,6","-9,2","-9,2"
1056,"-9,2","-10,1","-10,1","-10,3","-6,3","-6,4","-13,7","-13,8"
1057,"-6,5","-8,4",-7,"-7,5","-4,8","-4,3","-6,9","-10,9"
1058,"-3,8","-5,8","-6,4","-5,6","-1,8","-1,2","-4,5","-4,9"
1059,"-3,1","-2,3","-2,9","-2,6","0,8","0,5","-0,9","-2,2"
1060,-3,"-2,5","-2,7","-1,9","-6,2","-5,2","-1,7","-3,7"
1061,-10,"-9,4","-8,7","-7,4","-8,8","-8,7","-5,5","-3,8"
1062,"-11,5","-11,2","-10,6","-9,5","-10,2","-9,4","-9,9","-10,6"
1063,"-12,9","-15,3",-16,"-14,9","-9,8","-9,4","-10,4","-10,6"
1064,-17,"-13,2","-12,3","-11,7","-8,5","-9,9","-10,6","-11,1"
1065,"-6,7","-6,5","-6,2","-7,2","-8,6","-7,1","-12,5","-14,4"
1066,-13,"-12,9","-12,1","-10,9","-10,4","-10,9","-6,8","-6,8"
1067,-10,-10,"-10,5","-10,8","-7,3","-8,3",-12,"-13,9"
1068,"-5,1","-5,9","-5,9","-7,2","-2,1",-2,"-9,4","-10,5"
1069,"-5,3",-3,-3,"-2,6","-4,1","-3,8","-3,6","-4,3"
1070,"-3,1","-3,5","-3,8","-4,8","-2,6","-2,5","-5,2","-7,2"
1071,"-2,5","-3,1","-3,3","-3,5","0,1","-0,5","-2,7","-2,8"
1072,"-2,7",-2,-2,"-0,9","-1,5","-1,6","-1,3","-1,9"
1073,"-1,2","-1,6","-2,7","-2,5","0,7","0,9","-2,5","-2,6"
1074,"-1,2","-0,6","-0,4","-0,4","-4,6","-3,4","0,4","0,7"
1075,"-6,2",-6,"-5,1","-6,4",-5,"-4,4",-3,"-2,1"
1076,"-5,7","-5,9","-6,1","-6,4","-4,7",-4,"-5,1","-5,6"
1077,"-4,7","-5,2","-5,5","-5,5","-2,3","-2,8","-4,8","-5,6"
1078,"-3,2","-3,9","-3,2","-2,9",-3,"-1,4","-3,9","-4,4"
1079,"-3,4","-2,5","-2,2","-3,8","-4,4",-5,"-1,3","-1,9"
1080,"-8,1","-7,1","-6,7","-6,6",-6,"-6,9","-5,4","-4,8"
1081,"-3,5","-3,3","-3,6","-5,3","-4,2","-3,7","-6,8","-8,8"
1082,"-4,6","-5,3","-5,7","-5,4","-8,2",-13,"-3,5","-3,8"
1083,"-10,9","-11,8","-13,7","-13,4","-8,9","-8,6","-5,4","-5,2"
1084,-11,"-12,8","-13,9","-14,8","-9,3","-8,4","-9,5","-11,5"
1085,"-6,5",-12,"-13,8","-11,4","-9,1","-6,7","-12,8","-12,4"
1086,"-12,5","-11,2","-9,7","-12,7","-4,1","-2,2","-9,1","-6,2"
1087,"-3,9","-4,3","-7,6","-9,9","-3,1","-2,3","-6,5","-10,9"
1088,"-3,8","-4,7","-4,6","-4,2","-3,8","-3,2","-2,7","-3,1"
1089,"-3,7",-4,"-4,3","-4,2","-2,7","-2,5","-3,4","-3,7"
1090,-10,"-8,1",-8,"-4,3","-2,7","-2,3","-2,7","-3,2"
1091,"-1,3","-1,4","-3,5","-4,3","-1,9","-1,4",-7,"-7,6"
1092,"-3,8",-6,"-5,2",-4,"-1,4","-1,6","-1,2","-1,2"
1093,"-2,1","-2,9","-2,8","-2,8","-0,3","0,6","-1,9","-1,7"
1094,"0,1",-1,"-0,6","-0,3","0,2","1,8","-0,8","-1,3"
1095,"-2,2","-3,7","-4,7","-3,2","1,6","1,4","0,8","0,2"
1096,"-5,7","-7,1","-6,1","-3,5","-0,9","4,2","-1,6","0,2"
1097,"-9,4","-14,8","-14,9","-12,2","-2,3","2,7","-1,8","-4,6"
1098,"-6,2","-8,4","-12,4","-11,3","-1,5","0,3","-2,2","-8,2"
1099,"-5,3","-7,6",-8,"-7,1","-2,7","-0,1","-2,8","-4,7"
1100,"-7,7","-8,7","-10,3","-9,4","-3,6","-1,9","-3,2","-4,1"
1101,"-8,4","-9,7","-11,8","-9,4","-3,5","-2,8","-4,9","-7,2"
1102,"-7,3",-8,"-9,1","-8,4","-3,3","-2,8","-5,9","-7,7"
1103,"0,4","-1,2","-2,5",-5,"2,6","2,7",-5,"-6,6"
1104,1,"1,1","1,2","1,6","2,1","2,3","1,6","1,4"
1105,"1,7","1,6","1,5","1,6","2,8","2,5","1,7","1,3"
1106,"-0,1","1,3","2,1","2,5","3,1","3,4","2,3","1,9"
1107,"1,7","1,2","1,7","2,2","2,6","2,3","2,6","1,9"
1108,"4,1","3,5","3,1","2,5","4,1","4,7","2,4",2
1109,"6,5","5,1","4,6",4,7,"8,7",4,"3,8"
1110,"6,4","6,4","5,8",6,"5,4","7,5","7,5",7
1111,"2,1","0,8","0,9",2,"4,7","7,6","5,7","6,3"
1112,"-0,3","-1,5","-1,7",0,"3,4","4,9","3,9","2,8"
1113,"-2,9","-3,7","-3,9","-2,2","-0,1",1,"1,5","-0,1"
1114,"-1,2","-2,3","-2,8","-2,8","-0,4","-0,1","-1,5","-2,4"
1115,"1,3","-0,3","-0,7","-0,9","6,7","6,4","-0,5","-0,7"
1116,"6,3","6,2",5,"5,4","10,7","11,5","3,9","2,7"
1117,"3,5","4,8","6,5","9,5","4,5","4,7","10,6","8,6"
1118,"-1,2","-0,9","0,2","2,4","3,8","4,7","3,4","2,2"
1119,"4,6","3,7","3,1",3,7,"6,4","0,8","-0,1"
1120,"7,8","6,7","6,5","5,9","6,7","7,4","5,4","5,1"
1121,"6,9","6,8","6,2","6,5","6,9","8,8","8,8","8,2"
1122,"9,2","8,5","8,1","8,5","7,9","8,1","7,8","6,7"
1123,"0,7","-0,7","-2,8","0,6","8,7","9,6","7,3","7,5"
1124,"2,6","0,1","-0,8","1,1","13,4","14,9","6,7","2,7"
1125,"7,4","7,6","5,8","4,5","17,9","19,8","10,5","4,4"
1126,"6,9","5,9","5,5","8,2","15,6","18,5","13,9","8,9"
1127,"3,8","2,1","0,6","5,1",17,"19,3","12,9","8,3"
1128,"6,2",5,"4,4","9,6","17,4","19,6","11,8","8,2"
1129,"5,8","3,6","1,4","5,8","18,2","21,5","13,2","9,3"
1130,"7,9","6,7","7,2","11,3","14,6","16,9","14,8","10,7"
1131,"5,2","5,3","1,5","7,4","13,8","15,6","12,6","10,6"
1132,"6,7","6,9","5,8","9,4","11,4",13,13,"8,4"
1133,"2,7","-0,4","-1,3","3,7","14,3",15,9,"6,9"
1134,"11,3",9,"6,7","11,3","12,6","14,8","10,9","6,3"
1135,"6,5","3,7","1,5","5,4","9,7","10,8","11,9",11
1136,"8,6","7,7","7,3","7,2","16,6",17,"9,5","8,6"
1137,"10,1","8,6","7,3","10,5","15,5","17,7","11,7","10,8"
1138,"10,8",8,6,"9,1","9,2","12,1","14,6","11,7"
1139,"1,1","1,1","2,8","5,1","6,4","5,6",12,"11,7"
1140,"6,9","6,8","5,9","5,5",11,"10,6","5,2","3,9"
1141,"9,7","8,4","6,8","8,6","10,5","12,5",8,7
1142,"10,7","10,7",10,"9,4","10,8","13,6","13,3",14
1143,"3,3","1,3","5,5",8,"12,6","13,7","10,1","10,3"
1144,2,"1,7",1,"6,7","9,6","11,6",10,"6,3"
1145,"6,5","2,9","0,4","4,8","9,4","8,9","8,6","3,4"
1146,"12,9",13,"10,5","9,9","14,6","16,3","7,8","7,3"
1147,"7,9","8,3","7,5",9,"5,8","7,2","15,3","13,3"
1148,"3,2","2,1","4,6","6,1","8,1","9,3","8,3","7,8"
1149,"8,3","7,4","6,8",7,"9,8",11,"7,9","5,6"
1150,11,"10,6","10,5","10,7","15,5","15,7","10,1","9,5"
1151,"9,5","7,9","5,7","10,2","23,6","21,7","13,5","13,6"
1152,"14,4","13,7","13,2","17,8","22,6",24,"13,8","9,8"
1153,"11,2","10,8","10,6","15,3","21,6","23,7","22,3","16,7"
1154,"14,6","11,1","8,2","15,3","23,5","25,5","21,9",14
1155,"15,3","14,3","12,7","17,6","16,3","17,6","23,4",18
1156,"9,6","8,2","7,6","12,5","16,8","18,5","18,8","16,5"
1157,"4,9","4,5","2,7","10,8","12,1","15,3",17,"12,1"
1158,"15,5","15,3","12,4","12,5","23,4","18,8","14,9",11
1159,"17,1","15,5","17,6","18,9","25,2","27,6","19,7","16,9"
1160,16,"14,6","13,3","19,1","20,7","22,2","25,1",19
1161,"19,1","15,9","16,2","16,7","26,5","27,8","21,9","18,5"
1162,"15,7","14,9","15,7","20,7","24,6","25,6","25,9","19,7"
1163,"19,1","17,4","15,5","18,9","25,8","26,2","22,9","16,8"
1164,"15,5",19,18,"21,1","23,4","23,9",23,"20,4"
1165,"15,6","15,3","16,6","20,4","25,5","27,4",22,"17,7"
1166,"11,2","8,8","6,8","17,6","23,6","24,8","24,8","18,5"
1167,"12,4","9,1","7,3","16,7","23,8","25,4","23,2","14,4"
1168,"12,6","10,5","8,5","17,2",25,27,"23,3","17,5"
1169,"16,8","11,6","10,3",19,"25,7",27,"24,7",19
1170,"17,7","15,5","14,5","19,5","25,2","27,5","25,3","18,9"
1171,"16,8",14,"9,8","19,3","25,8","26,6","25,3","21,1"
1172,"16,9","13,4","12,9","20,4",25,"28,3","24,7","19,1"
1173,"16,6","16,5","15,6","20,6","31,5","33,2","26,3","18,8"
1174,20,"18,7","16,7","23,1","29,4","32,2","30,2","22,2"
1175,"17,6","13,2","13,7","23,2","28,4","29,6","28,6","23,5"
1176,"14,9","16,8",11,"14,9","28,4","29,4","27,3","21,7"
1177,"14,4","15,8","11,7",22,"27,6","28,8","28,1","19,9"
1178,"16,8","11,9","11,2","21,8","27,7","28,8","27,8","18,1"
1179,"14,2","11,6","10,2","21,2","26,8","28,4","27,1","16,6"
1180,"9,8","7,4","7,7","19,7","24,6","26,5","27,1","19,8"
1181,"9,4",7,"5,5","18,2","21,7","23,6","25,8","15,7"
1182,"7,6","5,6","5,2","16,7","19,2","20,5","23,4","13,2"
1183,"8,7","6,6","5,4",15,"20,6",21,"19,7",12
1184,"19,4","17,8","15,5","17,4","28,2","29,2","18,6","13,1"
1185,"15,8","14,4","13,7",23,"26,5","28,1","28,1","23,7"
1186,"14,4","12,4","12,5","21,5","23,6","25,1","26,4","19,6"
1187,13,"8,7","7,7","19,6","22,6","24,2","24,8",16
1188,"11,8","10,2","10,3",19,"20,3","22,8","23,2","16,1"
1189,"18,3","17,1",16,"17,8","29,1",30,"23,8","18,6"
1190,20,"18,6","17,1","23,9","24,5","27,5","27,3","21,1"
1191,"13,4","13,1","13,8","21,9","22,7","24,4","24,5","21,7"
1192,"13,8","12,1","12,2","20,6","25,2","26,9","23,8",17
1193,"18,2","16,5","15,4","22,1",28,"29,9","25,6","25,6"
1194,16,"14,1","12,4","22,9","26,9","28,3","29,4","21,1"
1195,"14,9","13,4","12,6","22,8","22,8","25,1","27,3","19,3"
1196,"9,7","8,7","7,3","18,2","20,8","22,6","25,2","18,7"
1197,"12,9","10,3","9,5","17,6",23,"22,7","21,4","16,1"
1198,"17,6","14,5","14,2","19,6","25,5","26,1","21,8",17
1199,"19,5","17,3","16,8","24,6","28,9","29,3","26,6","20,9"
1200,"21,4","18,4","17,8","25,6","29,4","30,4","23,8","20,3"
1201,18,"16,1","16,9","25,5","28,2","29,4","29,2","28,5"
1202,"16,8",15,"16,4","23,8","29,2","29,9","28,5","22,2"
1203,"17,4","14,9","16,3","24,4","27,6","29,1","28,7","22,1"
1204,"17,7","15,1","14,4",23,"26,2","27,7","28,4",21
1205,"14,6","12,5","13,1","21,5","23,8","25,7","27,1","21,2"
1206,"17,7","15,4",14,"21,1","21,7","23,2","25,2","20,8"
1207,"21,4","19,1","18,2","20,1","30,3","30,2",22,"17,6"
1208,"18,5","18,1","19,3","27,4","30,2","31,4","28,4",25
1209,"23,3","20,5","21,6","25,1","25,1","28,5","30,5","23,8"
1210,"22,4","21,5",22,"23,4","25,3","29,3","28,3","23,6"
1211,"18,3","15,7","18,3","21,2","19,2","21,4","26,4","24,7"
1212,"16,9","15,6","16,2","17,1","19,3","18,2","21,6","19,6"
1213,"18,4",17,"17,6","18,7","18,2","18,9","16,6","16,4"
1214,"18,8","13,7",17,"17,6","23,7",21,"20,8","19,6"
1215,"19,2",18,18,"20,4","24,7","26,9","21,1","20,2"
1216,"18,9","18,5","19,3","22,1","28,1","24,2","19,6","20,6"
1217,"20,5","18,6","18,9",25,"22,6","26,4","25,4","21,8"
1218,"19,6","19,5","19,5",20,"21,3","20,6","25,2","20,4"
1219,"19,3","19,3","19,3","19,6","21,8","23,4","21,6","19,7"
1220,"21,5","20,5","21,3","19,9","30,2","30,4","20,7","19,5"
1221,"21,5","19,7","18,4","25,1","30,6","31,3","26,7","23,3"
1222,"18,8","15,8","19,9","27,6","28,3",29,"30,8","26,1"
1223,"16,5","13,5","17,1","25,9","27,3","29,6","29,5","22,5"
1224,"17,1",15,"14,8","24,9","25,4","27,3","27,9",23
1225,"18,1","15,6","15,9","23,6","25,8","27,4","25,5",22
1226,"16,4","13,9",17,"22,8",25,"26,9","26,3","22,5"
1227,17,"13,2","16,5","21,1","23,6",22,"26,5",21
1228,"17,7","14,8",16,21,"22,6","19,1","23,7","19,7"
1229,"17,6","16,6","17,3","21,8","26,2","26,6","23,3","19,1"
1230,"17,5","16,1","16,4","19,3","25,3","26,6","26,9","21,9"
1231,"13,5","12,3",14,"22,2","19,9","22,1","25,8",22
1232,"17,9","15,2","14,6","17,3","22,9","24,9","22,5","17,8"
1233,"16,5","14,6","15,6","21,4","26,1","26,6","23,7","21,3"
1234,"13,8",11,"13,6","23,2","21,5",25,"24,3","20,3"
1235,"19,4","19,3","19,1","19,3","27,9","31,5","25,2","18,8"
1236,"23,5","22,1","20,3","22,7",25,"27,3","28,3","22,7"
1237,"20,2","20,3","19,4","22,6",28,"28,3","28,1","28,5"
1238,"16,3","13,8","15,6","23,3","27,3","28,7","23,7","22,1"
1239,"18,4","16,1","16,9","24,4","28,7","30,6","27,9","22,6"
1240,"18,2","17,2","17,2","25,5","25,1","26,3","28,7","23,4"
1241,"14,4","13,1","14,1",22,"19,2","22,8",26,"20,7"
1242,"19,9","16,9","15,4","16,5","31,9","32,2","24,9","18,6"
1243,"19,7","21,6","21,6","22,6","30,6","31,4","31,5","24,3"
1244,"19,3","17,2","19,3","27,6","27,4","29,4","30,4","24,7"
1245,"15,9","12,8","15,2","24,1","24,1","26,2",29,"24,3"
1246,"14,5","11,4","15,6","21,8",26,26,"26,3","20,6"
1247,"17,7","15,8","19,7",22,"26,6","28,7","25,3","18,7"
1248,"16,3","13,8",15,"24,8","26,7",25,"27,5","22,7"
1249,"11,2","8,9",12,"22,4","23,2","24,7","26,6","20,4"
1250,11,"6,5","10,5","20,1","19,4","21,3",24,"19,1"
1251,11,6,10,"16,5","18,8",19,"21,2","17,4"
1252,"13,4","10,7","10,9",15,22,"22,4","18,5","14,9"
1253,"14,5","12,4","13,6","17,3","16,2","19,4","21,8","17,5"
1254,"18,7","18,2","13,4","15,2","23,8","25,1","21,7","18,2"
1255,"9,9","8,2","11,5","19,6","16,9","18,3","24,1","20,5"
1256,"11,1","7,9","7,6","13,6","15,7","15,8","18,7","12,4"
1257,"5,5",3,"5,3","13,3","15,6","16,4","14,6","10,8"
1258,"13,8","12,4","11,3","12,5",17,20,"14,8","10,9"
1259,"9,8","4,9","8,6","16,2","14,4","14,5","19,9","17,7"
1260,"6,1","3,3","6,5","13,2","15,1","14,3","15,4","11,1"
1261,"10,6","7,2","8,3","12,1","23,2","20,8","12,7","8,3"
1262,"17,5",16,"16,9","23,2","23,3","25,4","17,3","13,4"
1263,"15,5","13,5","13,9","20,1","23,1","23,8","24,6","20,3"
1264,"15,3","13,6","14,1","19,6","17,8","20,8","23,7","18,9"
1265,"4,3","2,8","7,6","14,8","9,3",10,"20,8","17,5"
1266,"5,3","3,9","3,7","6,7","13,9","14,8","9,9","8,3"
1267,"14,3","10,1","11,6","11,1","24,4","26,1","13,1","8,4"
1268,"13,5","12,2","13,5","20,1","16,2","18,9","26,1","18,6"
1269,"9,1","5,2",7,"13,6","19,2","20,7","18,9","13,2"
1270,"14,1","11,9","11,6","16,6","19,2","20,7","19,1","13,8"
1271,"8,2","3,4","6,1","16,6","15,6","17,6","20,8","15,5"
1272,"11,1",8,"7,7","12,8","20,9","20,6","17,5","12,2"
1273,"17,4","15,5",15,"19,8","24,5","25,5","18,6","14,5"
1274,20,"18,8",19,"20,4","23,9","25,3","23,2","20,2"
1275,"15,6","17,2","16,8","19,7","16,7","20,6","24,2","20,5"
1276,"12,5",12,"11,3","13,2","12,2","12,5","21,9",17
1277,"14,2","11,8","11,3","12,5","21,2",22,"12,8","11,9"
1278,"14,2","12,9",13,"17,4","19,7","22,5","21,4","18,1"
1279,"14,5","12,8","14,2","18,8","27,3","18,2","20,8","17,7"
1280,"15,1","14,2","15,4","22,2","25,9","28,4","23,4","19,2"
1281,"14,5","14,7","14,1","22,9","23,3","25,9","23,4","18,1"
1282,"13,2",12,"11,2","18,9","24,6",25,"25,7","20,8"
1283,"16,3","15,8","17,4","19,5",25,26,21,"15,6"
1284,"11,3","9,2","11,1",20,"18,8","20,8","24,1","20,8"
1285,"3,7","2,4","3,5","14,5","10,2","15,6","21,6","16,6"
1286,"9,4","10,5","11,6","8,2","14,6","16,9","15,4","10,9"
1287,"6,3","5,2","5,1","11,8","13,3","14,3","15,7","12,6"
1288,"13,4","9,4","7,7","10,5","24,5","25,7","11,9",9
1289,"11,6","10,9",11,"21,7","24,4","26,1","22,3","18,3"
1290,"17,2","13,5","12,7","19,2","28,1",29,"25,3","19,3"
1291,"16,5","15,7","12,8","21,8","24,6","27,8","25,7","20,7"
1292,"17,5","15,1","13,1","19,4","21,5","24,6","27,6","22,6"
1293,"16,9","14,3","12,4","16,9",25,"27,4",25,"21,3"
1294,"17,1","12,8","11,4","20,1","28,2","29,2","25,8","20,5"
1295,17,"14,7","14,1",23,27,"28,3","28,4","21,8"
1296,"16,5","14,6","13,5","22,4",25,"27,1","26,8","20,2"
1297,"14,4","12,5","12,2","19,9","14,7","19,5","26,2","20,1"
1298,"7,2","7,5","8,8","12,4","15,8","17,5","21,5","18,8"
1299,"5,8","6,1","6,9",14,"13,1","14,8","17,1","11,5"
1300,"7,3","6,9","6,9","10,5","14,4","14,3",12,"8,3"
1301,"10,2","5,8","6,6","12,2","11,5","18,9","9,3","7,7"
1302,"8,9","9,4","9,1","10,8","8,2","14,4","18,3","13,6"
1303,"2,4","4,1","4,6","8,3","9,9","11,5","11,2","9,7"
1304,"-0,5","-2,2","-1,7","6,5","5,5","7,2","11,6","4,8"
1305,"2,2","-0,4","0,5","3,3","8,4","8,3",7,"1,3"
1306,"11,9","8,3","6,8","6,2","14,3","17,6","6,6",3
1307,"3,5","1,3","1,2","7,8",8,"14,3","18,1",15
1308,"6,8","6,9","6,6","7,9","6,9",8,"12,3","5,6"
1309,7,"6,8","5,5","5,7",16,"9,8","7,7","6,9"
1310,"11,2","10,7","10,4","12,2",18,"20,8","9,8","7,9"
1311,"9,5","8,8","9,2","14,1","17,2","18,5","20,6","13,8"
1312,"4,7","3,1","1,7","10,8","11,9","13,7","17,7","11,5"
1313,"1,5","-1,1",-1,"8,4","9,6",11,"13,2","6,6"
1314,"4,7","2,2","-2,4",6,"8,8","10,7","10,8","5,1"
1315,"-1,7","-2,5","-3,2","4,5","6,2","8,5","10,2","5,8"
1316,"-0,5","-1,7","-3,6","3,6","11,8","5,8","8,2","2,6"
1317,"9,7","7,4","5,5","9,8","15,5","17,5","3,7","1,7"
1318,"4,3","3,7","3,1","10,2","11,6","13,6","16,3",11
1319,"3,6",1,"0,3","7,4","7,9","9,9","12,8","7,4"
1320,"3,4","1,5","-0,8","4,5","9,8","10,4","8,4","4,4"
1321,"5,6",5,"4,8","5,2","8,2","9,4","7,6",4
1322,"-1,7","-2,5","-3,3","3,7","6,8","7,8","8,3","3,4"
1323,"0,7",-2,"-3,2","1,9","3,8","4,5","6,5","1,8"
1324,"0,6","0,6","0,4","1,4","2,2","2,6","2,9","1,9"
1325,"4,7","4,9",4,"2,2","5,1","5,4","0,3","0,2"
1326,"4,1","4,1",3,"3,7","2,9","4,2","3,7","3,7"
1327,"0,2","1,1","1,6","2,2","-0,1","0,5","4,8","3,8"
1328,"-2,6",-3,"-2,2","-1,6","-1,6","-0,7","0,5",0
1329,"-13,9","-17,7","-18,8","-13,4","-2,7","-1,6","-2,5","-3,9"
1330,"-9,6","-13,1","-14,7","-10,9","-1,7","-2,1",-3,"-8,9"
1331,"-0,6","-1,5","-2,1","-2,5","0,8","2,1","-2,3","-6,7"
1332,"-3,3",-5,"-7,2","-3,8","0,3","1,8","1,1","-0,6"
1333,"-2,9","-3,8","-4,4","-3,2","-0,4","0,4","0,8","-1,7"
1334,"-5,4","-4,1",-5,"-5,2","-1,6","0,7","0,2","-2,5"
1335,-4,"-5,2","-6,4","-4,3","-2,8","-0,5","-0,6",-6
1336,"-6,1","-3,8","-7,4","-6,1","-3,9","-2,7","-1,5","-3,1"
1337,"-8,5","-6,9","-6,5","-5,5","-5,8","-5,6","-2,1","-4,3"
1338,"-11,3","-9,4","-8,5","-7,7","-6,3","-5,6","-5,9","-6,6"
1339,"-15,1","-17,6","-19,3","-14,9","-8,8","-7,9","-6,5","-10,1"
1340,"-19,7","-20,1","-21,2","-16,3","-12,6","-11,3",-9,"-10,3"
1341,"-9,1","-11,6","-13,4","-14,2",-6,"-6,6","-12,3","-15,6"
1342,"-12,1","-12,5","-11,3",-8,"-3,5","-4,2","-7,8","-8,7"
1343,"0,3","-1,6","-2,8","-3,5","-0,1","0,5","-6,5","-9,8"
1344,"-5,6","-5,2","-3,8","-1,7","-4,1","-2,7",1,"0,5"
1345,"-9,8",-11,"-11,5","-8,4","-5,9",-4,"-3,9","-5,6"
1346,"-9,2","-8,7","-8,7",-8,"-7,5",-7,"-5,9","-8,1"
1347,"-12,3","-14,7","-16,3","-13,4","-4,6","-3,6","-9,7","-9,1"
1348,"-10,8","-14,2","-14,3","-11,6","-4,7","-2,9","-5,4","-10,3"
1349,"-9,2","-9,5","-9,2",-8,"-4,4","-2,7","-5,4","-8,5"
1350,"-5,9","-6,4","-7,8",-7,"-5,1",-3,"-4,8","-6,8"
1351,"-7,9","-7,1","-7,4","-7,3","-7,9","-4,4","-3,3",-5
1352,-13,"-11,9","-10,5","-8,8","-9,9","-8,2","-5,7","-5,7"
1353,"-12,8","-12,8","-14,9","-14,9","-10,2","-9,1","-10,3","-12,5"
1354,"-7,6","-12,3","-13,6","-13,5",-2,"-1,4","-9,7","-10,4"
1355,"-9,8","-9,7","-8,9","-6,6","-11,2","-10,5","-4,4","-5,7"
1356,"-11,5","-14,8","-16,4",-15,"-12,5","-10,9","-10,7",-10
1357,"-12,7","-12,8","-13,3","-13,7","-12,3","-11,3","-10,8","-10,9"
1358,"-13,4","-13,2","-15,7","-16,1","-13,5",-13,"-10,9","-11,9"
1359,"-14,6","-15,7","-16,2","-15,5","-14,5","-11,3","-13,7",-14
1360,"-21,3","-22,2","-24,4",-24,"-14,1","-11,1","-13,8","-15,6"
1361,"-17,7","-19,6","-21,2","-20,1","-11,6","-8,6","-13,2","-18,6"
1362,"-17,5","-19,6","-19,7","-18,7","-17,3","-11,3","-10,6","-13,1"
1363,"-21,5","-24,1","-24,7","-24,5","-14,6","-10,5","-12,2",-16
1364,"-18,5","-21,3","-22,2",-18,"-12,5","-9,4","-14,8","-18,6"
1365,"-18,1","-18,6","-19,6","-17,5","-10,8","-8,9","-14,2",-17
1366,"-8,1","-11,6","-12,6","-13,4","-5,3","-4,7","-12,9","-18,4"
1367,"-3,3","-3,9","-8,2","-7,4","-2,3","-1,1","-8,1","-10,4"
1368,"-6,4","-5,9",-5,"-4,5","-5,5","-5,6","-1,7","-3,3"
1369,"-6,4","-7,1","-7,1","-7,3","-6,3","-4,3","-5,8","-6,5"
1370,"-5,9","-6,9","-7,3","-7,4","-4,5","-2,6","-4,3",-5
1371,"-6,5","-6,5","-6,5","-6,4","-7,5","-6,3","-4,2","-4,8"
1372,-10,"-9,5",-10,"-9,5","-10,1","-6,7","-6,3","-6,5"
1373,-11,"-12,6","-13,7","-13,5","-8,2","-6,4","-8,5","-9,2"
1374,-11,"-12,2","-13,4","-12,4","-5,7",-4,"-8,7","-9,5"
1375,"-8,2","-10,1","-11,7","-11,2","-2,9","-0,8","-7,4",-10
1376,"-6,7","-7,4","-7,8","-7,5","-4,5",-2,"-3,7","-5,8"
1377,"-6,6","-7,9","-8,2","-8,5","-4,7","-2,3","-3,6","-5,2"
1378,"-6,5","-6,6","-7,6","-7,7","-3,5",-3,"-3,4","-4,2"
1379,"-4,4","-4,7","-4,3","-3,5","-3,4","-2,4","-4,6","-7,4"
1380,"-7,1","-6,2","-5,8",-6,"-9,1","-7,9","-2,9","-3,5"
1381,"-9,9","-9,7","-9,5","-10,8","-8,9","-6,6","-8,9","-8,6"
1382,3,"1,5","0,6","-6,6","3,7","3,8","-9,8","-9,3"
1383,"-0,5","0,8","2,2","2,6","-2,4","-1,1",3,3
1384,"-4,8","-4,2","-4,2","-4,2","-8,1","-5,8","-1,1","-1,6"
1385,"-15,8",-16,"-16,2","-12,9","-7,3","-8,3","-5,9","-5,4"
1386,"-2,9","-5,4",-5,"-6,3","1,6","1,1","-13,9","-14,6"
1387,"-0,3","0,7","0,8","0,4","-0,4","-0,2","-0,6","-2,1"
1388,"-5,5",-4,"-2,6","-1,7","-6,2","-6,3","-0,3",-1
1389,"-7,9","-9,1",-9,"-7,9","-11,1","-9,4","-6,3",-6
1390,"-15,2","-13,4","-12,3",-12,"-13,9","-12,5","-8,8","-7,4"
1391,"-13,8","-16,8","-16,2",-17,"-9,4","-8,8","-15,7",-15
1392,"-19,2","-19,8","-17,3","-16,6","-13,8","-12,1","-13,2","-13,4"
1393,"-13,5","-15,4","-15,5","-17,5","-8,8","-9,3",-15,"-18,7"
1394,-7,"-7,5","-8,9","-9,9","-5,5","-5,7","-13,3","-13,3"
1395,"-5,6","-6,3","-7,7","-6,8","-3,6","-3,8","-6,7","-6,7"
1396,-4,"-6,8","-5,2","-5,5","-2,3","-2,8","-5,9","-6,8"
1397,-4,"-4,3","-4,4","-4,6","-8,2","-7,6",-3,"-3,2"
1398,"-11,5","-8,9","-9,1","-9,5","-8,3","-6,3","-6,3","-4,5"
1399,"-11,9",-13,-14,"-14,2","-6,8",-6,"-9,4","-11,3"
1400,"-10,1","-9,9","-9,7","-8,6","-7,7","-6,9","-6,8","-7,1"
1401,"-8,3",-9,-9,"-9,9","-8,8","-8,3","-9,4","-9,8"
1402,"-7,9","-8,1","-10,6","-13,9","-7,6","-6,4","-8,5","-7,8"
1403,"-9,4","-9,2","-9,4","-9,3","-9,7","-9,3","-7,3",-9
1404,"-18,8","-16,1","-14,2","-11,9","-11,3","-10,5","-10,1","-10,1"
1405,"-8,9","-12,4","-15,9","-16,5","-6,1","-4,9","-14,4","-17,3"
1406,"-2,9","-4,3","-5,8","-6,2","-3,7","-1,7","-5,3","-7,9"
1407,"-3,8","-7,6","-9,4","-9,4","-3,7","-3,3","-2,7","-3,1"
1408,"-7,8",-8,"-6,7","-5,4","-2,8","-1,6","-4,2","-4,3"
1409,"-2,7","-2,3","-2,3","-3,5","-0,6","0,3","-4,4","-5,9"
1410,"1,5","-1,6","-4,1","-4,3","1,9","2,8","-1,4","-3,1"
1411,"-1,6","0,8","1,2","1,3",-6,"-4,7","3,1","3,3"
1412,"-5,5","-5,9","-6,7","-6,7",-4,"-3,8",-5,"-3,6"
1413,"-5,4","-5,6","-5,2","-4,6","1,3","0,5","-4,6","-5,2"
1414,"0,1","-0,5","-1,3","-0,9","1,4","2,2","-1,2","-3,3"
1415,"1,1",0,"-0,2",0,"0,3","0,8",1,"0,5"
1416,"-1,1","-1,1","-0,9","-0,6","-0,9","-0,9","0,9","1,1"
1417,-2,"-1,8","-1,8","-1,4","-1,5","-1,9","-0,9","-0,9"
1418,"-0,3","-0,7","-1,2","-1,5","1,9",2,"-2,2","-2,3"
1419,"0,9",0,"-0,1","0,5","3,7","3,3","0,9",0
1420,"3,7","3,4","2,8","2,8","4,8","5,4","1,8","0,2"
1421,"2,9","3,2","3,6","3,9","2,1",2,"4,7",4
1422,"2,2","2,1",2,"1,8","-5,2",-2,2,"2,3"
1423,"-4,8","-6,7","-8,9","-9,1","-1,4","-2,6","1,6","1,9"
1424,"-0,8","-1,8","-2,4","-1,9","-3,2","-2,8","-3,6","-3,7"
1425,"-4,6","-4,4","-4,1","-3,4","-3,8","-3,5","-2,8","-2,2"
1426,"-4,8","-5,5","-4,6","-4,5","-2,9","-2,5","-3,7",-4
1427,"-1,8","-3,2","-3,8",-4,"-2,7","-2,4","-3,5","-3,8"
1428,"-2,4","-2,6","-2,9","-3,3","-1,3","-1,3","-2,5","-2,2"
1429,-2,"-2,3","-2,5","-2,5","-0,8","-1,3","-1,7","-2,2"
1430,"-0,5","-0,2","-0,4","-0,7","0,4",0,-2,"-2,1"
1431,"2,6","2,8","2,1",1,"3,1","2,7","0,1","-0,1"
1432,"2,4","2,3",2,"2,7","1,5","1,8","2,3","2,6"
1433,"-0,3","-0,1","0,4","0,7","1,2","0,8","1,8","1,9"
1434,"4,6","3,9",3,"2,1","5,9","4,8","0,2","-0,3"
1435,"5,3",5,"5,5","5,5","5,5","5,7","4,7","4,9"
1436,"2,8","3,1","3,7","4,1","2,1","2,6","5,4","5,4"
1437,"0,4","0,7","0,9","0,9","1,9","0,8","2,1","2,4"
1438,"3,3","2,8",2,"1,8",-1,"0,4","-0,1","0,3"
1439,"-1,5","-1,6","-1,2",-1,"-3,4","-1,7","0,9","2,2"
1440,"-6,5","-5,9","-5,3","-4,6","-4,8","-5,2","-1,5","-1,4"
1441,"-3,3","-3,6","-5,5","-5,3","-1,7","-1,5","-6,2","-6,4"
1442,"-1,6","-1,4","-1,2","-1,2","-0,5","-0,5","-2,3","-2,7"
1443,-2,-2,-2,-1,"-0,3","-0,9","-1,2","-1,2"
1444,1,"-0,7","-0,3","-0,2","1,5","1,5","-2,6","-1,9"
1445,"0,7","0,8","1,2","1,6","0,3","0,4","2,2","3,3"
1446,"0,1",0,0,"-0,2","-0,5","0,1","0,5","0,7"
1447,"-2,9","-2,3",-2,"-1,5","-2,4","-1,8","0,3","0,2"
1448,"-2,5","-2,2","-2,9",-3,"-2,8",-2,"-2,1","-2,5"
1449,-4,"-3,6","-3,6","-3,6",-3,"-3,5","-2,5","-2,7"
1450,"-7,7","-6,2","-4,8","-3,5","-7,7","-8,1","-3,5","-3,8"
1451,"-6,1",-7,-8,"-8,4","-4,4","-4,3","-9,3","-8,6"
1452,"-6,3","-6,1","-6,3","-5,5","-5,8","-6,3","-4,6","-5,2"
1453,-5,"-4,4","-5,2","-6,7","-4,4","-3,8","-7,7","-6,9"
1454,"-5,2","-4,8","-4,6","-4,7","-4,3","-3,8","-5,4","-4,7"
1455,"-3,2","-3,2","-3,6",-4,-3,"-3,3",-4,"-4,4"
1456,"-0,7","-1,5","-1,8","-2,5","0,2","0,2","-3,5","-3,3"
1457,"1,7","1,2","1,7","1,9","5,6","4,8","0,1","-0,2"
1458,"6,5","6,7","6,5","5,9","3,7","4,1","2,7","2,2"
1459,"3,9","4,6","4,5","3,5","1,6","1,8","4,4","6,2"
1460,"0,9","0,1","-0,1","0,3","1,9","2,8","1,8","2,7"
1461,-1,"-0,5","0,9",0,"3,6","2,9","2,6","1,7"
1462,"2,1","1,4","0,8","0,7",1,"2,2","0,9","-1,1"
1463,"-1,1","-1,6","-1,1",0,"2,6",2,"2,7","2,9"
1464,"2,6","1,8","1,2","1,6",6,"7,9","1,2","-0,7"
1465,"-0,1","-0,2","1,4","3,1","4,7","5,2","9,4","5,5"
1466,"5,7","5,9","6,6","2,7","4,9","5,2","1,9","0,6"
1467,"3,2","3,3","3,7","3,7","2,1","2,9","4,7","5,4"
1468,"0,6","0,8","0,7","1,1","-0,8","-0,2","2,5","2,8"
1469,"-1,4","-2,1","-2,6","-2,6","-0,8","-0,1","0,1","0,3"
1470,"1,8","0,2","-1,4","-1,7","2,5","3,1","-0,9","-1,4"
1471,1,"0,6","0,5","0,6","1,1",2,"2,1","1,6"
1472,"1,1","0,2",-1,1,"2,2","2,2","1,8","1,5"
1473,"0,1","0,2","-0,2","0,3","0,3","0,2","1,7","1,4"
1474,"0,6","0,2","0,5","0,4","0,3","0,8","0,2","0,2"
1475,"1,3","0,9","0,6","0,1","0,5",1,"0,8","0,7"
1476,"-4,1",-5,"-5,6","-2,8",1,"2,1","1,6","2,1"
1477,"0,3","-1,7","-2,6","-2,5","2,7",2,"-1,3","-3,6"
1478,"1,9","1,7","1,6","1,8","3,3","2,8","1,9","0,7"
1479,"4,6","3,8","3,7","2,9","6,6","6,8","2,3","2,6"
1480,"4,4",4,"4,4","4,8","6,3","7,4","7,8","6,3"
1481,7,"8,6","8,9","5,6","5,7",6,6,"5,5"
1482,"3,5","3,8","3,5","3,9","0,5",2,"6,2","6,4"
1483,"-1,2","-1,5","-1,1","-0,3","0,5","0,4","2,4","3,6"
1484,-1,"-1,4","-1,7","-0,6","1,3","1,4","-0,7","-1,4"
1485,"-0,9",-1,"-1,5","-0,9","1,3",2,"0,1","-0,4"
1486,"-4,5",-6,"-7,7","-3,3","2,2","3,5","0,6","-1,5"
1487,"-4,2","-5,6","-6,4","-2,9","0,7",3,"1,5","-1,7"
1488,"-3,3","-4,6","-4,2","-1,4","7,5","6,4","1,3",-2
1489,3,"0,4",-1,"1,5","8,7","8,6",3,"-1,2"
1490,"-0,3",-1,"-1,2","1,7","12,8",12,"4,7","4,1"
1491,"12,6","11,5","10,1","11,1","13,1","15,3","5,3",3
1492,"3,2","1,1","1,6","5,7","6,8","6,9","13,2","11,9"
1493,"5,5","4,5","3,7","4,7","5,8",6,"7,6","5,4"
1494,"3,6","4,5","5,2","5,8","6,2","5,4","6,2",6
1495,"6,4","5,8","5,6","5,3","8,5",10,"3,7","3,5"
1496,7,"5,3","3,5","5,6","9,1","10,4","9,1","7,8"
1497,"8,6","8,6","7,1",8,"8,3","7,9","11,1","10,2"
1498,"4,7","4,4","4,5","7,4","12,3","11,8",8,"8,4"
1499,"5,8","3,6","2,3","6,4","9,2","10,2","10,2",6
1500,"11,4","10,4","8,5","8,8","16,6","19,5",9,"8,2"
1501,"11,6",11,10,"11,6","12,2",13,"17,5","13,3"
1502,"7,4","6,4","5,9","8,1","11,8","12,9","11,7","10,4"
1503,"10,5","9,9","9,8","9,2","10,5","12,8","9,5",8
1504,8,"8,8","9,3","9,4","10,3","9,1","13,3","13,7"
1505,"5,8","5,8","6,4","7,5","8,6","11,2","7,3","7,2"
1506,4,"1,3","-1,7","3,3","5,1","5,4","8,4","8,4"
1507,"3,8","3,4","3,2",4,"5,9",6,"4,5","4,1"
1508,"4,4","4,7","3,9","4,7","6,3","6,6","5,2","4,3"
1509,"6,8","5,5","4,8","5,3","9,2","8,5","5,8",4
1510,"6,1","5,5","5,8","7,2","9,4","8,9","8,6","5,6"
1511,"-1,6","0,4","1,8","5,7","10,2","10,1","6,4","6,7"
1512,"4,1","-0,1","-1,1","3,2","9,1","8,9","7,6","1,7"
1513,"3,1","2,3","2,2","6,2","12,1","12,7","7,9","5,1"
1514,"5,7","6,3","7,4","10,8","13,2","13,7","9,8","6,8"
1515,7,"4,6","-0,1","8,3","17,2","18,3",11,8
1516,"5,4","4,2","2,3","9,2","16,6","18,2","14,6","10,1"
1517,"7,4","6,3","4,8","10,2","14,8","16,1","16,2","10,1"
1518,"11,8","9,9","8,6","10,9","14,5","21,7","13,3","8,9"
1519,"9,7","10,8","7,6","14,2","19,9",19,"17,9","14,7"
1520,"9,3","6,9","3,4","11,2","17,3","19,6","17,9","12,8"
1521,"17,6","15,3","13,6","18,8","21,8","22,3","18,6","10,4"
1522,"12,6","11,5","11,2","17,8","23,6","28,4","25,2","19,9"
1523,"8,4","8,2","6,3","15,2","20,2","22,3","19,8","13,1"
1524,"16,2","9,2","7,5","14,4","18,6","20,4","17,7",11
1525,"13,9","12,3","11,8",18,"24,1",25,"23,9","18,4"
1526,"18,1","17,8","17,1","17,6","20,4","21,6","19,4","16,7"
1527,"17,8","17,2","15,5","19,2","26,1",29,"25,9","18,7"
1528,"13,6",12,"11,1","17,6","25,1",27,"24,5",19
1529,"12,1","10,3","10,6","18,2","23,3","24,3","22,4","15,7"
1530,"8,4","8,1","6,6","13,6","18,9","20,7","18,4","13,4"
1531,"13,7","13,1",12,13,"16,2","18,4","16,3","11,3"
1532,"10,9","9,9","7,7","13,7","19,2","18,7","17,1","14,8"
1533,"15,7","15,7","15,2","15,2","18,8","20,8","18,8","14,1"
1534,"13,9","13,6","14,6","16,4","19,5","18,4","18,2","16,3"
1535,"10,9",11,"10,2","12,9",13,"16,3","15,8",15
1536,"15,9","14,9","14,7","14,6","17,2","21,1","20,3","13,2"
1537,"12,6",12,11,"14,3","20,4","22,2",20,"16,5"
1538,17,"16,6","13,6","16,5","21,4","18,6","18,7","12,8"
1539,"13,4","12,5","12,1","17,4",22,"23,7","21,6","20,1"